,Outlet_ID,area(sqft),BP1,BP2,BP3,BP4,BP5,IP1,IP2,IP3,IP4,IP5,tot_bulk_itm,tot_impulse_itm,tot_icecream_vol,Num_Products_Sold,tot_revnew
0,ID7203,5660,0,0,0,0,0,6361,7295,9127,5520,6443,0,34746,6949.200000000001,5,3492920.0
1,ID1878,4138,0,0,0,0,0,7860,6622,6856,7954,6748,0,36040,7208.0,5,3606340.0
2,ID1740,5546,0,0,0,0,0,7625,8116,7837,7192,6817,0,37587,7517.400000000001,5,3755910.0
3,ID4366,5134,0,0,0,0,0,6530,6259,9232,8759,9524,0,40304,8060.8,5,4060130.0
4,ID8358,4100,0,0,0,0,0,7057,9562,7652,6241,8866,0,39378,7875.6,5,3918700.0
5,ID4722,5593,0,0,0,0,0,7103,8264,8407,9065,8824,0,41663,8332.6,5,4167730.0
6,ID5579,4184,0,0,0,0,0,7371,4853,6583,6577,6772,0,32156,6431.200000000001,5,3232900.0
7,ID3876,4063,0,0,0,0,0,6575,6079,10027,6223,6968,0,35872,7174.400000000001,5,3626680.0
8,ID7275,3162,0,0,0,0,0,6041,8197,8080,6813,4641,0,33772,6754.400000000001,5,3376030.0
9,ID3726,5537,0,0,0,0,0,8025,8295,6375,4733,6471,0,33899,6779.8,5,3370700.0
10,ID9528,5763,0,0,0,0,0,5089,7542,6275,5504,4759,0,29169,5833.8,5,2904230.0
11,ID2152,3226,0,0,0,0,0,5877,7009,6669,6887,8757,0,35199,7039.8,5,3516500.0
12,ID3656,4795,0,0,0,0,0,8230,7160,6972,8964,7964,0,39290,7858.0,5,3927120.0
13,ID4395,3719,0,0,0,0,0,7880,7433,5593,5931,6431,0,33268,6653.6,5,3308400.0
14,ID7405,4797,0,0,0,0,0,6746,6489,6301,6846,7448,0,33830,6766.0,5,3381120.0
15,ID9945,3050,0,0,0,0,0,9708,5540,7769,7272,8508,0,38797,7759.400000000001,5,3901990.0
16,ID6950,5765,0,0,0,0,0,9453,9285,5190,8186,7705,0,39819,7963.8,5,3940950.0
17,ID5199,4126,0,0,0,0,0,5234,8480,5743,6411,6886,0,32754,6550.8,5,3248030.0
18,ID5556,3439,0,0,0,0,0,10480,6570,7279,7086,6225,0,37640,7528.0,5,3771090.0
19,ID8920,4936,0,0,0,0,0,8254,6428,7775,9036,6571,0,38064,7612.8,5,3819870.0
20,ID6352,4223,0,0,0,0,0,8204,5567,7615,5758,6809,0,33953,6790.6,5,3415780.0
21,ID2508,4266,0,0,0,0,0,6940,6754,5364,8203,5635,0,32896,6579.200000000001,5,3275700.0
22,ID5561,4393,0,0,0,0,0,6650,5089,4942,7499,5759,0,29939,5987.8,5,2992430.0
23,ID6952,5690,0,0,0,0,0,5942,5165,5461,8316,6169,0,31053,6210.6,5,3108260.0
24,ID5295,4459,0,0,0,0,0,6572,7180,5738,6723,8647,0,34860,6972.0,5,3471580.0
25,ID8631,4024,759,681,667,801,658,6998,5562,5254,7659,9174,3566,34647,10495.400000000001,10,7413370.0
26,ID8493,3964,0,0,0,0,0,5760,9960,5928,9084,7977,0,38709,7741.8,5,3830580.0
27,ID6166,3639,0,0,0,0,0,5838,7549,6643,6665,6169,0,32864,6572.8,5,3277340.0
28,ID2979,4136,0,0,0,0,0,3808,7222,7040,8575,6074,0,32719,6543.8,5,3270080.0
29,ID9941,4967,0,0,0,0,0,9419,6893,9452,6970,5443,0,38177,7635.400000000001,5,3843290.0
30,ID1110,4051,0,0,0,0,0,6707,5032,7068,7667,6523,0,32997,6599.400000000001,5,3320060.0
31,ID7864,4359,0,0,0,0,0,6377,6679,8108,5504,7842,0,34510,6902.0,5,3465290.0
32,ID1734,4648,0,0,0,0,0,6801,7262,5323,4996,8202,0,32584,6516.8,5,3239010.0
33,ID8228,5406,0,0,0,0,0,5463,7417,9685,7982,6756,0,37303,7460.6,5,3752980.0
34,ID3807,5632,0,0,0,0,0,6065,6937,6555,9929,4586,0,34072,6814.400000000001,5,3403380.0
35,ID5879,4879,0,0,0,0,0,8153,7838,7314,7131,6212,0,36648,7329.6,5,3659560.0
36,ID2673,5685,0,0,0,0,0,7992,5872,6689,6617,7971,0,35141,7028.200000000001,5,3522270.0
37,ID6055,4779,0,0,0,0,0,12513,16119,15486,12001,8829,0,64948,12989.6,5,6488470.0
38,ID3715,4303,0,0,0,0,0,5436,7714,5746,4049,6860,0,29805,5961.0,5,2960820.0
39,ID9780,3544,0,0,0,0,0,9924,5457,7966,7365,7247,0,37959,7591.8,5,3820990.0
40,ID6863,3606,0,0,0,0,0,6494,9090,7159,7392,7872,0,38007,7601.400000000001,5,3781390.0
41,ID5591,3886,0,0,0,0,0,6101,6255,7754,6801,6368,0,33279,6655.8,5,3342890.0
42,ID9919,3210,0,0,0,0,0,7160,7628,8772,6238,7798,0,37596,7519.200000000001,5,3771040.0
43,ID4975,4832,0,0,0,0,0,6819,6632,8091,7997,7321,0,36860,7372.0,5,3700590.0
44,ID3946,5044,1696,1611,1885,1751,2520,15740,15252,16774,16945,18257,9463,82968,26056.600000000002,10,18810070.0
45,ID7416,3642,0,0,0,0,0,8426,6699,7399,7367,6310,0,36201,7240.200000000001,5,3627100.0
46,ID6026,4395,0,0,0,0,0,6045,7938,7811,9229,5642,0,36665,7333.0,5,3665230.0
47,ID7321,5905,0,0,0,0,0,7366,5980,4546,7611,8955,0,34458,6891.6,5,3431460.0
48,ID3582,5368,0,0,0,0,0,8536,8718,7467,6998,7991,0,39710,7942.0,5,3958490.0
49,ID4625,3445,0,0,0,0,0,7199,10411,10011,5689,5436,0,38746,7749.200000000001,5,3870600.0
50,ID3447,5947,0,0,0,0,0,10188,7370,5162,6931,7164,0,36815,7363.0,5,3659420.0
51,ID4092,4738,0,0,0,0,0,8416,6743,6739,6646,6220,0,34764,6952.8,5,3476360.0
52,ID6025,5479,0,0,0,0,0,6770,7527,8457,6704,5775,0,35233,7046.6,5,3532600.0
53,ID9440,4859,0,0,0,0,0,16076,13364,11964,15496,13729,0,70629,14125.800000000001,5,7048900.0
54,ID8194,4995,0,0,0,0,0,5892,5537,6334,7937,5654,0,31354,6270.8,5,3143370.0
55,ID2846,3043,0,0,0,0,0,9394,7434,6595,8096,6224,0,37743,7548.6,5,3765910.0
56,ID4192,4090,0,0,0,0,0,6440,7420,6969,7938,7518,0,36285,7257.0,5,3623990.0
57,ID8119,3905,0,0,0,0,0,5515,8234,7923,7489,6208,0,35369,7073.8,5,3533790.0
58,ID9823,4843,0,0,0,0,0,6037,5915,6957,5241,6370,0,30520,6104.0,5,3062420.0
59,ID8893,3301,0,0,0,0,0,5437,7179,4333,5731,7570,0,30250,6050.0,5,2996540.0
60,ID5021,3470,0,0,0,0,0,6972,6947,7581,6378,6681,0,34559,6911.8,5,3462240.0
61,ID8735,3933,0,0,0,0,0,7660,7838,8338,8669,8717,0,41222,8244.4,5,4127200.0
62,ID7332,4799,0,0,0,0,0,7796,7752,6858,9213,6125,0,37744,7548.8,5,3765460.0
63,ID6292,4278,0,0,0,0,0,6412,7912,7496,6345,6512,0,34677,6935.400000000001,5,3463540.0
64,ID7462,5121,0,0,0,0,0,8535,6715,10557,7270,6705,0,39782,7956.400000000001,5,4016620.0
65,ID5250,5033,0,0,0,0,0,6221,7378,5012,7052,6975,0,32638,6527.6,5,3240140.0
66,ID1997,4496,0,0,0,0,0,6799,6239,7571,7829,7401,0,35839,7167.8,5,3597220.0
67,ID3097,3627,0,0,0,0,0,6624,7351,8909,7883,7271,0,38038,7607.6,5,3819380.0
68,ID2499,5676,0,0,0,0,0,6116,7130,8629,6596,8621,0,37092,7418.400000000001,5,3724190.0
69,ID1234,3999,0,0,0,0,0,7873,5365,7397,7175,6536,0,34346,6869.200000000001,5,3454920.0
70,ID1008,3387,0,0,0,0,0,6970,7206,6285,6486,6055,0,33002,6600.400000000001,5,3290990.0
71,ID9716,4088,0,0,0,0,0,8367,7985,6340,7090,8289,0,38071,7614.200000000001,5,3790650.0
72,ID8619,5740,0,0,0,0,0,7315,6890,6731,5471,6497,0,32904,6580.8,5,3288810.0
73,ID1097,4175,0,0,0,0,0,3992,6940,5264,6283,7236,0,29715,5943.0,5,2954740.0
74,ID2819,4803,676,624,793,647,680,14465,14744,14793,12070,11152,3420,67224,16864.800000000003,10,10527440.0
75,ID2419,4881,0,0,0,0,0,5460,8076,5861,7752,7658,0,34807,6961.400000000001,5,3458550.0
76,ID6094,5661,0,0,0,0,0,8022,5488,5073,6042,7793,0,32418,6483.6,5,3237650.0
77,ID4003,4841,786,613,533,745,555,8756,7193,4839,7571,6647,3232,35006,10233.2,10,7063010.0
78,ID1946,3563,0,0,0,0,0,7922,7776,7583,8453,6543,0,38277,7655.400000000001,5,3825770.0
79,ID1818,4003,0,0,0,0,0,6351,5181,7064,7831,7267,0,33694,6738.8,5,3388230.0
80,ID3425,3893,0,0,0,0,0,6575,7110,7596,5872,6845,0,33998,6799.6,5,3404660.0
81,ID3688,4030,0,0,0,0,0,8147,7319,6307,6528,7487,0,35788,7157.6,5,3568680.0
82,ID9010,3614,0,0,0,0,0,5507,8353,4182,7391,7845,0,33278,6655.6,5,3286090.0
83,ID8193,5400,0,0,0,0,0,8773,6639,6455,5360,7750,0,34977,6995.400000000001,5,3495860.0
84,ID2906,3767,0,0,0,0,0,6884,5780,6505,6485,6940,0,32594,6518.8,5,3266650.0
85,ID3083,3403,0,0,0,0,0,6094,5479,6661,6361,7781,0,32376,6475.200000000001,5,3249420.0
86,ID4299,4009,0,0,0,0,0,6367,7811,7791,7543,8690,0,38202,7640.400000000001,5,3820000.0
87,ID6039,5118,0,0,0,0,0,5640,7382,8329,6675,6506,0,34532,6906.400000000001,5,3462670.0
88,ID2142,3538,0,0,0,0,0,7215,6125,7023,7536,7037,0,34936,6987.200000000001,5,3502580.0
89,ID1635,3465,0,0,0,0,0,5837,6087,8472,8419,7043,0,35858,7171.6,5,3609650.0
90,ID1732,4524,0,0,0,0,0,6980,7265,8709,8307,5479,0,36740,7348.0,5,3688440.0
91,ID7022,4020,0,0,0,0,0,8355,5913,6756,5148,5347,0,31519,6303.8,5,3160330.0
92,ID7466,5610,0,0,0,0,0,8578,5992,7441,7882,8453,0,38346,7669.200000000001,5,3849090.0
93,ID6900,5355,0,0,0,0,0,15660,11893,15776,14741,15892,0,73962,14792.400000000001,5,7435030.0
94,ID2957,3605,0,0,0,0,0,6599,7904,9546,5871,5708,0,35628,7125.6,5,3579220.0
95,ID7687,5475,0,0,0,0,0,7657,7576,6705,5377,8024,0,35339,7067.8,5,3525190.0
96,ID2481,3727,0,0,0,0,0,7827,7221,7994,5547,4708,0,33297,6659.400000000001,5,3337430.0
97,ID9979,4456,0,0,0,0,0,5596,7372,6283,5740,6901,0,31892,6378.400000000001,5,3178310.0
98,ID1365,5823,651,606,593,703,761,9673,7225,7744,7681,6962,3314,39285,11171.0,10,7603540.0
99,ID9549,3897,0,0,0,0,0,5775,7784,8558,7001,7382,0,36500,7300.0,5,3657740.0
100,ID7657,4286,0,0,0,0,0,8303,6341,9407,6993,6682,0,37726,7545.200000000001,5,3803260.0
101,ID5859,4786,0,0,0,0,0,15887,14747,17084,11929,18446,0,78093,15618.6,5,7832670.0
102,ID5152,4572,0,0,0,0,0,8706,5373,6030,4979,9274,0,34362,6872.400000000001,5,3442770.0
103,ID6135,5069,0,0,0,0,0,6769,5882,6997,8662,7016,0,35326,7065.200000000001,5,3543750.0
104,ID7260,4085,0,0,0,0,0,6779,7349,7135,5352,6624,0,33239,6647.8,5,3321760.0
105,ID4108,4232,0,0,0,0,0,4248,6583,5514,6455,8669,0,31469,6293.8,5,3136210.0
106,ID2137,4843,0,0,0,0,0,5024,7574,9760,8443,6478,0,37279,7455.8,5,3749760.0
107,ID2263,5756,0,0,0,0,0,7124,6448,7741,8773,4648,0,34734,6946.8,5,3486330.0
108,ID9349,4175,0,0,0,0,0,6785,5073,6601,6115,6971,0,31545,6309.0,5,3169780.0
109,ID1520,4114,0,0,0,0,0,8351,5751,6102,6023,9914,0,36141,7228.200000000001,5,3617610.0
110,ID3221,5774,0,0,0,0,0,8801,7622,6692,8749,8806,0,40670,8134.0,5,4057700.0
111,ID4752,5700,0,0,0,0,0,7789,7642,5259,6506,5534,0,32730,6546.0,5,3249170.0
112,ID8286,3314,0,0,0,0,0,6554,4390,6492,7650,6581,0,31667,6333.400000000001,5,3187720.0
113,ID9062,5775,0,0,0,0,0,7511,9102,7309,8699,7031,0,39652,7930.400000000001,5,3947270.0
114,ID2655,5692,0,0,0,0,0,6971,5024,6106,7808,9341,0,35250,7050.0,5,3535820.0
115,ID1859,4527,0,0,0,0,0,6854,8380,7002,5154,6450,0,33840,6768.0,5,3370220.0
116,ID3980,5216,0,0,0,0,0,6530,6495,7932,6338,5222,0,32517,6503.400000000001,5,3266070.0
117,ID5797,5214,0,0,0,0,0,7738,6216,7164,7767,7566,0,36451,7290.200000000001,5,3654580.0
118,ID6126,3959,0,0,0,0,0,6886,7041,7707,7147,6992,0,35773,7154.6,5,3583960.0
119,ID2716,3411,0,0,0,0,0,7408,6346,6748,5978,7339,0,33819,6763.8,5,3385920.0
120,ID6156,3147,0,0,0,0,0,6110,8353,6079,6129,6388,0,33059,6611.8,5,3283160.0
121,ID7050,5378,0,0,0,0,0,6908,4750,8798,8512,7806,0,36774,7354.8,5,3717880.0
122,ID7238,4995,0,0,0,0,0,6979,6743,7384,8249,7098,0,36453,7290.6,5,3651710.0
123,ID9331,5168,0,0,0,0,0,6671,5559,5105,7924,7785,0,33044,6608.8,5,3299860.0
124,ID8594,3416,0,0,0,0,0,9677,6272,6013,8103,6004,0,36069,7213.8,5,3604310.0
125,ID5134,5645,0,0,0,0,0,7100,5042,7466,7997,6594,0,34199,6839.8,5,3444140.0
126,ID8187,3666,0,0,0,0,0,7653,7089,7308,8863,5223,0,36136,7227.200000000001,5,3615790.0
127,ID5643,3601,0,0,0,0,0,7374,8693,6409,7674,5182,0,35332,7066.400000000001,5,3510360.0
128,ID7417,5533,0,0,0,0,0,7964,6867,6160,5684,6495,0,33170,6634.0,5,3309930.0
129,ID2110,4486,0,0,0,0,0,5590,7576,6838,7438,7175,0,34617,6923.400000000001,5,3454320.0
130,ID3420,5423,0,0,0,0,0,5139,6828,7480,6197,6394,0,32038,6407.6,5,3210320.0
131,ID2276,4868,0,0,0,0,0,7416,8081,5831,6533,7871,0,35732,7146.400000000001,5,3550700.0
132,ID9185,4537,0,0,0,0,0,6422,7812,6679,5627,6359,0,32899,6579.8,5,3278570.0
133,ID1696,3638,0,0,0,0,0,7661,8563,8131,6936,5469,0,36760,7352.0,5,3671680.0
134,ID8319,3709,0,0,0,0,0,7637,7916,9493,7067,6750,0,38863,7772.6,5,3902070.0
135,ID6766,3886,0,0,0,0,0,5717,5840,5781,6614,5182,0,29134,5826.8,5,2912810.0
136,ID4365,3934,0,0,0,0,0,4822,6307,6601,7803,6446,0,31979,6395.8,5,3200840.0
137,ID9727,5278,0,0,0,0,0,5155,7285,5263,6486,5620,0,29809,5961.8,5,2960680.0
138,ID7138,3587,0,0,0,0,0,8408,4999,7390,10612,5203,0,36612,7322.400000000001,5,3685110.0
139,ID4734,5908,0,0,0,0,0,10368,6948,7823,8417,5235,0,38791,7758.200000000001,5,3887850.0
140,ID1259,5698,0,0,0,0,0,5779,7531,6375,5104,6251,0,31040,6208.0,5,3092440.0
141,ID2126,3572,0,0,0,0,0,7392,10040,8013,4968,6959,0,37372,7474.400000000001,5,3716930.0
142,ID7978,5007,0,0,0,0,0,6609,8892,7636,5377,6309,0,34823,6964.6,5,3469740.0
143,ID6105,5595,0,0,0,0,0,7784,8275,4704,7420,7545,0,35728,7145.6,5,3537090.0
144,ID1150,4605,0,0,0,0,0,6401,8666,7378,6311,6952,0,35708,7141.6,5,3557920.0
145,ID9355,5453,0,0,0,0,0,6772,9163,6781,7179,7901,0,37796,7559.200000000001,5,3755780.0
146,ID4920,5777,0,0,0,0,0,5010,6317,7585,8908,6646,0,34466,6893.200000000001,5,3459280.0
147,ID9971,3960,0,0,0,0,0,6390,6784,7786,9162,6361,0,36483,7296.6,5,3658320.0
148,ID7897,4780,0,0,0,0,0,6245,8358,8427,7645,7893,0,38568,7713.6,5,3857490.0
149,ID8025,5194,0,0,0,0,0,8696,9297,6554,6715,8198,0,39460,7892.0,5,3918570.0
150,ID5340,4340,0,0,0,0,0,9346,7989,6227,5468,6956,0,35986,7197.200000000001,5,3580980.0
151,ID8419,4679,0,0,0,0,0,8420,5744,5984,6298,5670,0,32116,6423.200000000001,5,3214000.0
152,ID6628,4727,1997,1352,1849,1125,1366,15210,9887,17937,17128,13796,7689,73958,22480.6,10,16113850.0
153,ID6210,4591,0,0,0,0,0,7076,5498,6519,7430,6182,0,32705,6541.0,5,3280710.0
154,ID8996,4164,0,0,0,0,0,8830,4960,5927,8957,7974,0,36648,7329.6,5,3674470.0
155,ID2562,5754,0,0,0,0,0,6703,5450,6639,6115,7928,0,32835,6567.0,5,3295390.0
156,ID2059,5832,0,0,0,0,0,5217,7566,7914,7860,5962,0,34519,6903.8,5,3455380.0
157,ID7681,4144,0,0,0,0,0,5540,8683,7089,8939,5015,0,35266,7053.200000000001,5,3510660.0
158,ID9163,4632,0,0,0,0,0,9058,7841,5448,7484,7906,0,37737,7547.400000000001,5,3749770.0
159,ID9131,3971,0,0,0,0,0,6512,6119,7935,7041,5725,0,33332,6666.400000000001,5,3351360.0
160,ID6225,5953,0,0,0,0,0,7310,5031,5154,8270,7101,0,32866,6573.200000000001,5,3287830.0
161,ID5858,3677,0,0,0,0,0,6670,6074,5723,6487,7829,0,32783,6556.6,5,3274790.0
162,ID1083,3234,0,0,0,0,0,4970,6720,8293,6611,7107,0,33701,6740.200000000001,5,3385830.0
163,ID2525,5871,0,0,0,0,0,5537,4778,7545,6378,8070,0,32308,6461.6,5,3258470.0
164,ID5499,3800,0,0,0,0,0,6896,5598,6637,6851,5983,0,31965,6393.0,5,3206890.0
165,ID5606,4151,0,0,0,0,0,7372,7556,5673,7225,6330,0,34156,6831.200000000001,5,3396770.0
166,ID3910,5142,0,0,0,0,0,7163,6432,6835,7537,4647,0,32614,6522.8,5,3265430.0
167,ID9710,5461,0,0,0,0,0,7915,7343,7426,5738,8490,0,36912,7382.400000000001,5,3692030.0
168,ID6167,3600,0,0,0,0,0,7379,3919,7800,7276,5611,0,31985,6397.0,5,3237310.0
169,ID4109,3527,0,0,0,0,0,5619,7685,8054,8040,7672,0,37070,7414.0,5,3710690.0
170,ID3331,3913,0,0,0,0,0,5096,5190,6983,6313,7157,0,30739,6147.8,5,3091830.0
171,ID8071,645,0,0,0,0,0,4344,4089,3456,3810,4295,0,19994,3998.8,5,1993070.0
172,ID5229,1367,0,0,0,0,0,4123,4731,4079,3514,4261,0,20708,4141.6,5,2064280.0
173,ID2378,1991,0,0,0,0,0,4497,3866,4232,2392,3994,0,18981,3796.2000000000003,5,1901760.0
174,ID1329,1774,0,0,0,0,0,5002,3563,4838,3622,4171,0,21196,4239.2,5,2132350.0
175,ID4958,1357,0,0,0,0,0,2626,3544,4272,2620,3388,0,16450,3290.0,5,1652280.0
176,ID1860,481,0,0,0,0,0,3337,3816,2527,4188,5778,0,19646,3929.2000000000003,5,1951710.0
177,ID4394,123,0,0,0,0,0,4924,4993,3312,3765,4433,0,21427,4285.400000000001,5,2125890.0
178,ID9347,505,0,0,0,0,0,5219,3593,4224,3546,6212,0,22794,4558.8,5,2285710.0
179,ID4281,349,0,0,0,0,0,4266,4246,4880,2623,5496,0,21511,4302.2,5,2157440.0
180,ID5099,1517,0,0,0,0,0,3921,3786,2887,4110,4821,0,19525,3905.0,5,1943510.0
181,ID2180,1766,0,0,0,0,0,4482,4310,3870,3789,3151,0,19602,3920.4,5,1955800.0
182,ID5825,1894,0,0,0,0,0,4229,3005,3789,3143,2952,0,17118,3423.6000000000004,5,1719640.0
183,ID5889,465,0,0,0,0,0,3870,3558,4342,4269,4474,0,20513,4102.6,5,2059140.0
184,ID3214,1553,0,0,0,0,0,4405,4433,4545,5385,3829,0,22597,4519.400000000001,5,2260820.0
185,ID5436,1309,0,0,0,0,0,4732,3716,4026,3729,4714,0,20917,4183.400000000001,5,2094800.0
186,ID8133,528,0,0,0,0,0,4576,5041,2928,3823,4208,0,20576,4115.2,5,2036470.0
187,ID4976,670,0,0,0,0,0,5612,3727,4713,4733,2245,0,21030,4206.0,5,2112860.0
188,ID1072,1721,0,0,0,0,0,5578,4774,4471,3003,3289,0,21115,4223.0,5,2108470.0
189,ID4214,864,0,0,0,0,0,3681,3901,3342,4104,5597,0,20625,4125.0,5,2056910.0
190,ID8292,1130,0,0,0,0,0,5226,4526,4042,3941,3451,0,21186,4237.2,5,2113760.0
191,ID6573,1043,0,0,0,0,0,3742,3459,4351,4660,3827,0,20039,4007.8,5,2012820.0
192,ID9449,1795,0,0,0,0,0,3161,3144,4091,4367,4224,0,18987,3797.4,5,1908170.0
193,ID8354,542,0,0,0,0,0,4439,4788,3827,3917,3618,0,20589,4117.8,5,2049290.0
194,ID6408,509,0,0,0,0,0,4073,3873,5313,4414,4639,0,22312,4462.400000000001,5,2245600.0
195,ID7472,264,0,0,0,0,0,5716,4241,4741,4095,4137,0,22930,4586.0,5,2298000.0
196,ID1893,1583,0,0,0,0,0,4097,4030,3146,3413,1780,0,16466,3293.2000000000003,5,1637760.0
197,ID4779,632,0,0,0,0,0,4044,4265,4922,3203,4392,0,20826,4165.2,5,2089170.0
198,ID9777,151,0,0,0,0,0,3280,4174,3643,4527,3293,0,18917,3783.4,5,1886390.0
199,ID6542,955,0,0,0,0,0,3387,4144,4931,4505,4494,0,21461,4292.2,5,2153970.0
200,ID8443,655,0,0,0,0,0,2964,5938,4201,2733,5070,0,20906,4181.2,5,2073230.0
201,ID9903,1272,0,0,0,0,0,4149,5754,4341,3970,4901,0,23115,4623.0,5,2297370.0
202,ID8060,394,0,0,0,0,0,3275,2938,4910,3693,4799,0,19615,3923.0,5,1981220.0
203,ID2054,1155,0,0,0,0,0,4144,3907,3799,5620,3010,0,20480,4096.0,5,2046920.0
204,ID4026,306,0,0,0,0,0,4521,4272,3700,3489,4475,0,20457,4091.4,5,2039980.0
205,ID8142,886,0,0,0,0,0,3177,3993,3242,5160,3755,0,19327,3865.4,5,1925190.0
206,ID6823,699,0,0,0,0,0,4051,3280,4002,4302,1533,0,17168,3433.6000000000004,5,1724020.0
207,ID4883,763,0,0,0,0,0,4247,3854,3635,4156,3981,0,19873,3974.6000000000004,5,1985110.0
208,ID1494,152,0,0,0,0,0,4792,3910,4859,3226,3474,0,20261,4052.2000000000003,5,2035590.0
209,ID2283,125,0,0,0,0,0,3043,3408,2815,4269,3246,0,16781,3356.2000000000003,5,1672170.0
210,ID8159,289,0,0,0,0,0,4604,3882,3746,4565,4977,0,21774,4354.8,5,2176040.0
211,ID5158,727,0,0,0,0,0,4700,2256,3301,3434,4189,0,17880,3576.0,5,1798450.0
212,ID3310,521,0,0,0,0,0,4699,3708,2718,5141,4643,0,20909,4181.8,5,2081000.0
213,ID6379,1601,0,0,0,0,0,2353,3759,5223,4080,5108,0,20523,4104.6,5,2066940.0
214,ID4367,895,0,0,0,0,0,4091,4305,3932,3904,4713,0,20945,4189.0,5,2090770.0
215,ID6708,212,1325,2545,2022,1991,1984,11740,13716,11256,10316,14795,9867,61823,22231.6,10,17045900.0
216,ID3127,145,1255,2299,1932,2029,2104,12746,14373,13180,13712,13421,9619,67432,23105.4,10,17331370.0
217,ID6038,396,0,0,0,0,0,4378,5835,2880,4199,2018,0,19310,3862.0,5,1901450.0
218,ID7277,788,0,0,0,0,0,3877,3621,4376,5180,4480,0,21534,4306.8,5,2160950.0
219,ID4005,1996,0,0,0,0,0,3676,3526,3812,3180,4404,0,18598,3719.6000000000004,5,1862660.0
220,ID7383,556,0,0,0,0,0,4325,4085,3431,4426,3036,0,19303,3860.6000000000004,5,1923760.0
221,ID1902,1388,0,0,0,0,0,3132,3094,4524,3815,4885,0,19450,3890.0,5,1959300.0
222,ID2944,1237,0,0,0,0,0,3489,4588,3153,3372,5187,0,19789,3957.8,5,1964550.0
223,ID8405,852,0,0,0,0,0,4127,2995,3285,4419,3930,0,18756,3751.2000000000003,5,1878500.0
224,ID5868,1683,0,0,0,0,0,3708,3649,5078,4060,4573,0,21068,4213.6,5,2121090.0
225,ID8213,1149,0,0,0,0,0,3428,4195,3552,3435,4258,0,18868,3773.6000000000004,5,1880370.0
226,ID6526,854,0,0,0,0,0,5759,4451,4290,4710,4304,0,23514,4702.8,5,2349790.0
227,ID7994,1524,0,0,0,0,0,5003,4594,3656,3960,4324,0,21537,4307.400000000001,5,2144320.0
228,ID4323,614,0,0,0,0,0,4317,3316,4133,3884,3724,0,19374,3874.8,5,1945570.0
229,ID8399,268,0,0,0,0,0,4845,3962,3361,3258,3435,0,18861,3772.2000000000003,5,1880090.0
230,ID1763,329,0,0,0,0,0,3502,3975,4371,4422,3903,0,20173,4034.6000000000004,5,2021260.0
231,ID4434,471,0,0,0,0,0,2462,4262,3969,3650,3567,0,17910,3582.0,5,1788070.0
232,ID6214,1608,1604,1378,1819,2172,2170,10520,14340,11955,13171,16059,9143,66045,22352.0,10,16672100.0
233,ID5518,1589,0,0,0,0,0,5220,3852,2669,5142,3350,0,20233,4046.6000000000004,5,2011470.0
234,ID6660,1235,0,0,0,0,0,5032,5123,4536,3184,3681,0,21556,4311.2,5,2149730.0
235,ID5563,203,423,618,530,707,661,9133,10046,9839,5833,11940,2939,46791,12297.2,10,7908030.0
236,ID5971,1148,0,0,0,0,0,4496,4665,4231,4360,3906,0,21658,4331.6,5,2161460.0
237,ID9609,1162,0,0,0,0,0,3020,3841,3076,5540,3869,0,19346,3869.2000000000003,5,1926950.0
238,ID8654,287,0,0,0,0,0,4435,3782,4858,3406,4501,0,20982,4196.400000000001,5,2108960.0
239,ID6611,503,0,0,0,0,0,4543,4261,3355,2975,3945,0,19079,3815.8,5,1898840.0
240,ID7422,1266,545,483,654,548,654,9342,7978,8762,9673,8337,2884,44092,11702.4,10,7621840.0
241,ID5306,433,0,0,0,0,0,4670,4985,3387,3905,4416,0,21363,4272.6,5,2120320.0
242,ID2198,1013,0,0,0,0,0,4202,3429,3838,4552,5023,0,21044,4208.8,5,2108490.0
243,ID7212,1554,0,0,0,0,0,5225,2776,5419,3218,4293,0,20931,4186.2,5,2119530.0
244,ID3797,993,0,0,0,0,0,3054,3981,3720,3267,3458,0,17480,3496.0,5,1745390.0
245,ID6289,1838,0,0,0,0,0,4230,3466,3553,4250,3512,0,19011,3802.2000000000003,5,1901970.0
246,ID7851,9885,932,1462,1451,1300,1055,0,0,0,0,0,6200,0,6200.0,5,6855750.0
247,ID8433,4602,1242,1334,1090,1199,1653,0,0,0,0,0,6518,0,6518.0,5,7228600.0
248,ID7772,4876,1229,1413,1226,1367,1164,0,0,0,0,0,6399,0,6399.0,5,7086400.0
249,ID4520,9331,1555,2068,1837,2173,1934,5144,3555,4498,4186,4228,9567,21611,13889.2,10,12724280.0
250,ID9071,8088,1537,1115,1269,1034,1514,0,0,0,0,0,6469,0,6469.0,5,7229650.0
251,ID9508,5142,1502,1362,1452,1080,1079,0,0,0,0,0,6475,0,6475.0,5,7237300.0
252,ID4786,3783,1408,1291,1562,1529,1666,0,0,0,0,0,7456,0,7456.0,5,8267600.0
253,ID1844,3100,1472,1569,1685,1394,1648,0,0,0,0,0,7768,0,7768.0,5,8636850.0
254,ID5655,1413,1110,1466,1259,1024,1449,0,0,0,0,0,6308,0,6308.0,5,7010350.0
255,ID5772,5026,1223,1380,997,1208,878,0,0,0,0,0,5686,0,5686.0,5,6305950.0
256,ID6574,4980,3047,3191,2147,2582,3175,6783,11256,7020,7962,6614,14142,39635,22069.0,10,19631190.0
257,ID8972,1790,1647,1609,1653,1449,1325,0,0,0,0,0,7683,0,7683.0,5,8553750.0
258,ID4138,4582,1175,1290,1275,1425,1590,0,0,0,0,0,6755,0,6755.0,5,7469250.0
259,ID5036,8351,1449,985,1626,1037,1001,0,0,0,0,0,6098,0,6098.0,5,6830300.0
260,ID5538,6400,1297,1456,1280,1150,1356,0,0,0,0,0,6539,0,6539.0,5,7271600.0
261,ID7120,7288,1318,1534,1171,1075,1584,0,0,0,0,0,6682,0,6682.0,5,7433050.0
262,ID2648,6740,1220,1374,1231,1151,1445,0,0,0,0,0,6421,0,6421.0,5,7131550.0
263,ID3773,3234,1309,1451,1407,1457,1304,0,0,0,0,0,6928,0,6928.0,5,7676350.0
264,ID7763,8617,1774,1407,1316,1238,1235,0,0,0,0,0,6970,0,6970.0,5,7786400.0
265,ID4015,9546,4328,4843,4765,4561,5161,17528,18378,16916,15150,17538,23658,85510,40760.0,10,34775130.0
266,ID6700,5208,1367,1784,1428,1104,1613,0,0,0,0,0,7296,0,7296.0,5,8123300.0
267,ID4232,1928,1241,1304,1125,1385,1570,0,0,0,0,0,6625,0,6625.0,5,7329350.0
268,ID5400,1989,1445,1315,1589,1515,1187,0,0,0,0,0,7051,0,7051.0,5,7828550.0
269,ID7409,2574,1210,1183,1617,1441,1641,0,0,0,0,0,7092,0,7092.0,5,7858950.0
270,ID5341,9896,1046,1285,1120,1497,1268,0,0,0,0,0,6216,0,6216.0,5,6848500.0
271,ID8769,9793,1484,1263,1366,1638,1500,0,0,0,0,0,7251,0,7251.0,5,8029000.0
272,ID4389,4734,1309,1374,1357,1424,1409,0,0,0,0,0,6873,0,6873.0,5,7616650.0
273,ID3968,8664,1077,1478,1285,1667,1133,0,0,0,0,0,6640,0,6640.0,5,7309250.0
274,ID5106,6656,1347,1290,1627,1590,1231,0,0,0,0,0,7085,0,7085.0,5,7850550.0
275,ID1417,5669,1338,1402,1445,1394,1485,0,0,0,0,0,7064,0,7064.0,5,7837050.0
276,ID7107,2049,1173,1291,1481,1234,1310,0,0,0,0,0,6489,0,6489.0,5,7205850.0
277,ID1338,4109,1326,1446,1569,1531,1605,0,0,0,0,0,7477,0,7477.0,5,8282650.0
278,ID8711,3776,1478,1512,1230,1490,988,0,0,0,0,0,6698,0,6698.0,5,7428100.0
279,ID5939,3958,1369,1377,1311,1405,1558,0,0,0,0,0,7020,0,7020.0,5,7783950.0
280,ID1501,2403,1299,1229,1377,1448,1336,0,0,0,0,0,6689,0,6689.0,5,7411850.0
281,ID8461,1968,1383,1397,1558,1400,1054,0,0,0,0,0,6792,0,6792.0,5,7547400.0
282,ID7760,6981,1519,1400,1659,1433,1373,0,0,0,0,0,7384,0,7384.0,5,8213950.0
283,ID7239,9648,1157,1307,1277,1126,1571,0,0,0,0,0,6438,0,6438.0,5,7148750.0
284,ID7011,4585,1448,1116,1135,1635,1623,0,0,0,0,0,6957,0,6957.0,5,7690750.0
285,ID5166,5906,1395,1028,1352,942,1193,0,0,0,0,0,5910,0,5910.0,5,6613900.0
286,ID7309,4208,1459,1239,1502,1248,1564,0,0,0,0,0,7012,0,7012.0,5,7809400.0
287,ID7858,4506,1191,1668,1635,1409,1200,0,0,0,0,0,7103,0,7103.0,5,7873250.0
288,ID3189,2515,1564,1265,1291,1031,1264,0,0,0,0,0,6415,0,6415.0,5,7174350.0
289,ID8753,9894,1217,1595,1164,930,1281,0,0,0,0,0,6187,0,6187.0,5,6892600.0
290,ID5330,4946,1185,1081,1104,1118,1524,0,0,0,0,0,6012,0,6012.0,5,6675100.0
291,ID8463,3533,1374,1534,1145,1402,1540,0,0,0,0,0,6995,0,6995.0,5,7748950.0
292,ID1485,4535,3250,2955,2958,3375,2997,9717,10820,6965,8767,8509,15535,44778,24490.6,10,21663150.0
293,ID4811,2375,1136,1635,1177,1355,1168,0,0,0,0,0,6471,0,6471.0,5,7155050.0
294,ID2291,2079,1519,1523,1446,1344,1391,0,0,0,0,0,7223,0,7223.0,5,8035100.0
295,ID9762,5290,1109,1112,1087,1426,1049,0,0,0,0,0,5783,0,5783.0,5,6383950.0
296,ID4857,6601,1464,1235,1450,1416,1421,0,0,0,0,0,6986,0,6986.0,5,7761900.0
297,ID2611,3867,1519,1414,970,1107,1513,0,0,0,0,0,6523,0,6523.0,5,7265000.0
298,ID1954,7336,1577,1134,1405,1063,1426,0,0,0,0,0,6605,0,6605.0,5,7387150.0
299,ID9653,1856,1716,1313,1222,1448,1277,0,0,0,0,0,6976,0,6976.0,5,7761500.0
300,ID1137,2943,1016,1405,1204,1359,1168,0,0,0,0,0,6152,0,6152.0,5,6793100.0
301,ID2725,5242,1694,1560,1474,1263,1239,0,0,0,0,0,7230,0,7230.0,5,8069800.0
302,ID9348,7849,1368,1425,1650,1272,1265,0,0,0,0,0,6980,0,6980.0,5,7770100.0
303,ID6908,1011,1627,1453,1399,1444,1546,0,0,0,0,0,7469,0,7469.0,5,8304150.0
304,ID4785,5150,1268,1166,1170,1123,1036,0,0,0,0,0,5763,0,5763.0,5,6412300.0
305,ID7613,4635,1162,1131,853,1648,1254,0,0,0,0,0,6048,0,6048.0,5,6646850.0
306,ID4557,9544,1053,1474,1337,1356,1376,0,0,0,0,0,6596,0,6596.0,5,7292150.0
307,ID4678,5636,1446,1416,1434,1461,1533,0,0,0,0,0,7290,0,7290.0,5,8089200.0
308,ID6278,1547,1228,1444,1615,1294,1425,0,0,0,0,0,7006,0,7006.0,5,7780750.0
309,ID3232,8896,1088,1506,1282,1333,1479,0,0,0,0,0,6688,0,6688.0,5,7396400.0
310,ID2170,8077,2880,3503,3448,2747,2572,8184,7937,8266,7218,6998,15150,38603,22870.6,10,20714290.0
311,ID4584,3104,1251,1101,1495,1244,1030,0,0,0,0,0,6121,0,6121.0,5,6808550.0
312,ID1531,6928,1710,1015,1503,1600,1415,0,0,0,0,0,7243,0,7243.0,5,8053450.0
313,ID5557,2675,1180,1713,1496,1524,1577,0,0,0,0,0,7490,0,7490.0,5,8279400.0
314,ID6394,9329,1328,1266,1454,1377,1636,0,0,0,0,0,7061,0,7061.0,5,7834900.0
315,ID9802,6735,1403,1111,1581,1362,1216,0,0,0,0,0,6673,0,6673.0,5,7423450.0
316,ID9377,8291,1446,1466,1455,1045,1540,0,0,0,0,0,6952,0,6952.0,5,7760050.0
317,ID4951,3138,1498,1128,1672,992,1527,0,0,0,0,0,6817,0,6817.0,5,7632900.0
318,ID2044,7373,1278,1274,1533,1621,1553,0,0,0,0,0,7259,0,7259.0,5,8027250.0
319,ID1024,3127,1703,1251,1150,1388,1451,0,0,0,0,0,6943,0,6943.0,5,7726300.0
320,ID8278,3600,2058,1833,1819,1797,1959,0,0,0,0,0,9466,0,9466.0,5,10529650.0
321,ID4675,6086,1739,1080,1341,1267,1630,0,0,0,0,0,7057,0,7057.0,5,7876950.0
322,ID4176,1949,1695,1543,1150,1641,1627,0,0,0,0,0,7656,0,7656.0,5,8484500.0
323,ID9715,7037,1486,1499,1154,1480,1474,0,0,0,0,0,7093,0,7093.0,5,7860600.0
324,ID1575,4404,1576,978,1409,1049,1303,0,0,0,0,0,6315,0,6315.0,5,7069650.0
325,ID5388,6033,1312,1495,1310,1409,1516,0,0,0,0,0,7042,0,7042.0,5,7802000.0
326,ID3222,2752,1469,1527,996,1451,1297,0,0,0,0,0,6740,0,6740.0,5,7465600.0
327,ID4419,8694,1372,1273,1495,1401,1638,0,0,0,0,0,7179,0,7179.0,5,7968750.0
328,ID5677,5797,1285,1050,1241,1372,1774,0,0,0,0,0,6722,0,6722.0,5,7447550.0
329,ID3517,6050,1346,1475,1377,1381,1487,0,0,0,0,0,7066,0,7066.0,5,7837950.0
330,ID4527,4199,1608,1424,1226,1652,1457,0,0,0,0,0,7367,0,7367.0,5,8160600.0
331,ID2425,7389,1023,1538,1117,1148,1206,0,0,0,0,0,6032,0,6032.0,5,6678550.0
332,ID2932,6102,1095,1339,1849,1252,1140,0,0,0,0,0,6675,0,6675.0,5,7419250.0
333,ID5386,7419,1297,1641,1350,1206,1449,0,0,0,0,0,6943,0,6943.0,5,7713900.0
334,ID3153,9634,1235,796,1630,1603,1218,0,0,0,0,0,6482,0,6482.0,5,7174900.0
335,ID7293,3939,1473,1132,1068,879,1010,0,0,0,0,0,5562,0,5562.0,5,6231000.0
336,ID7204,9128,1442,1132,1367,1049,1013,0,0,0,0,0,6003,0,6003.0,5,6710950.0
337,ID4179,1873,1183,1658,1600,1652,1425,0,0,0,0,0,7518,0,7518.0,5,8302900.0
338,ID3227,3259,1372,991,1684,1468,1283,0,0,0,0,0,6798,0,6798.0,5,7552400.0
339,ID8212,4372,1228,1316,1211,1351,1129,0,0,0,0,0,6235,0,6235.0,5,6906750.0
340,ID4875,1137,1421,1630,1376,1106,1145,0,0,0,0,0,6678,0,6678.0,5,7446100.0
341,ID9042,1937,1002,1396,1297,1308,1482,0,0,0,0,0,6485,0,6485.0,5,7167750.0
342,ID6554,6302,1013,1253,1359,1193,916,0,0,0,0,0,5734,0,5734.0,5,6357350.0
343,ID5618,3061,1643,1035,1253,1242,1468,0,0,0,0,0,6641,0,6641.0,5,7407850.0
344,ID7788,6951,1285,1391,1345,1441,1063,0,0,0,0,0,6525,0,6525.0,5,7229150.0
345,ID4699,9425,1446,1304,994,1374,1489,0,0,0,0,0,6607,0,6607.0,5,7324600.0
346,ID6697,7071,1539,1555,1555,1172,1154,0,0,0,0,0,6975,0,6975.0,5,7786950.0
347,ID3794,9219,1393,1593,1366,1681,1533,0,0,0,0,0,7566,0,7566.0,5,8362100.0
348,ID6954,5495,1245,1232,1112,1733,1399,0,0,0,0,0,6721,0,6721.0,5,7399900.0
349,ID7041,5603,1623,1815,977,1240,1550,0,0,0,0,0,7205,0,7205.0,5,8012650.0
350,ID4931,4253,1331,1606,1217,1246,1353,0,0,0,0,0,6753,0,6753.0,5,7497650.0
351,ID3768,4743,1082,1326,1209,1328,1456,0,0,0,0,0,6401,0,6401.0,5,7076950.0
352,ID5679,7000,1492,1125,1612,1303,1554,0,0,0,0,0,7086,0,7086.0,5,7894100.0
353,ID5446,4436,1434,1344,1071,1581,1253,0,0,0,0,0,6683,0,6683.0,5,7390150.0
354,ID5799,2956,1526,1028,1678,1509,1341,0,0,0,0,0,7082,0,7082.0,5,7875800.0
355,ID6080,9023,1549,1239,1346,1605,1467,0,0,0,0,0,7206,0,7206.0,5,7988300.0
356,ID4170,6332,1621,876,1446,1369,1515,0,0,0,0,0,6827,0,6827.0,5,7607200.0
357,ID3741,6768,1977,2305,2025,1816,1860,5213,5873,5462,4065,4758,9983,25371,15057.2,10,13631640.0
358,ID8963,5745,1242,1297,1053,918,1193,0,0,0,0,0,5703,0,5703.0,5,6358350.0
359,ID9672,7165,2873,3212,3686,2872,3334,10869,11337,11152,10102,8780,15977,52240,26425.0,10,22981250.0
360,ID6641,6594,1290,1275,1578,1543,1094,0,0,0,0,0,6780,0,6780.0,5,7511600.0
361,ID4895,5335,1236,1304,1432,1204,1343,0,0,0,0,0,6519,0,6519.0,5,7245700.0
362,ID4035,1460,1093,1580,1298,963,1281,0,0,0,0,0,6215,0,6215.0,5,6914400.0
363,ID6901,9587,1194,1185,1391,1359,1130,0,0,0,0,0,6259,0,6259.0,5,6937950.0
364,ID4859,6504,1576,1502,1289,1706,1545,0,0,0,0,0,7618,0,7618.0,5,8431250.0
365,ID4794,9547,1202,1007,1171,1639,1210,0,0,0,0,0,6229,0,6229.0,5,6866750.0
366,ID9926,3041,1535,1442,1201,1242,1286,0,0,0,0,0,6706,0,6706.0,5,7465950.0
367,ID6361,6462,1564,1434,1190,1386,1256,0,0,0,0,0,6830,0,6830.0,5,7590300.0
368,ID6475,3207,1414,1597,1445,1151,1221,0,0,0,0,0,6828,0,6828.0,5,7609350.0
369,ID1750,8748,2198,2179,1810,1897,1656,5182,6037,4267,5181,6415,9740,27082,15156.400000000001,10,13525100.0
370,ID1379,3391,1558,1429,1369,1372,1275,0,0,0,0,0,7003,0,7003.0,5,7790350.0
371,ID6600,5825,1283,1358,1146,1315,962,0,0,0,0,0,6064,0,6064.0,5,6724500.0
372,ID7469,2088,1710,1084,1491,1088,784,0,0,0,0,0,6157,0,6157.0,5,6909450.0
373,ID4099,4443,1532,1398,1393,1600,1280,0,0,0,0,0,7203,0,7203.0,5,7986150.0
374,ID6476,6318,1652,1584,1222,1364,1542,0,0,0,0,0,7364,0,7364.0,5,8190300.0
375,ID5468,9104,1598,1325,1154,1626,1485,0,0,0,0,0,7188,0,7188.0,5,7961700.0
376,ID4692,3784,979,1247,1288,1639,1353,0,0,0,0,0,6506,0,6506.0,5,7155000.0
377,ID4473,2232,1069,1067,1300,1209,1371,0,0,0,0,0,6016,0,6016.0,5,6668600.0
378,ID1298,1728,1190,1393,1098,1403,1104,0,0,0,0,0,6188,0,6188.0,5,6840400.0
379,ID5654,2868,1574,1511,1418,1134,1310,0,0,0,0,0,6947,0,6947.0,5,7756600.0
380,ID6925,1155,1091,1311,1175,1682,1321,0,0,0,0,0,6580,0,6580.0,5,7237650.0
381,ID9760,5392,1368,1424,1551,1270,1327,0,0,0,0,0,6940,0,6940.0,5,7721350.0
382,ID2493,6069,1607,1178,1248,1584,1482,0,0,0,0,0,7099,0,7099.0,5,7873600.0
383,ID3343,2904,824,627,606,597,743,0,0,0,0,0,3397,0,3397.0,5,3789700.0
385,ID2117,4732,471,673,665,797,685,0,0,0,0,0,3291,0,3291.0,5,3620750.0
386,ID7140,2987,754,538,563,564,697,0,0,0,0,0,3116,0,3116.0,5,3474750.0
387,ID7305,2702,601,558,659,576,473,0,0,0,0,0,2867,0,2867.0,5,3189150.0
388,ID4010,1829,695,659,773,662,637,0,0,0,0,0,3426,0,3426.0,5,3810550.0
389,ID3140,4278,724,673,699,749,729,0,0,0,0,0,3574,0,3574.0,5,3963850.0
390,ID7346,4273,555,675,656,754,655,0,0,0,0,0,3295,0,3295.0,5,3637400.0
391,ID8977,2265,579,726,588,690,566,0,0,0,0,0,3149,0,3149.0,5,3482200.0
392,ID7937,2738,664,401,590,589,685,0,0,0,0,0,2929,0,2929.0,5,3258900.0
393,ID2984,4885,807,722,549,836,827,0,0,0,0,0,3741,0,3741.0,5,4139650.0
394,ID8564,2301,2616,2769,2454,2065,2391,6217,7497,8250,9055,7803,12295,38822,20059.4,10,17592030.0
395,ID4622,1734,391,608,590,753,713,0,0,0,0,0,3055,0,3055.0,5,3353800.0
396,ID6501,4881,503,506,521,699,597,0,0,0,0,0,2826,0,2826.0,5,3115050.0
397,ID9424,2750,658,609,734,724,553,0,0,0,0,0,3278,0,3278.0,5,3635900.0
398,ID1718,1506,710,702,692,682,568,0,0,0,0,0,3354,0,3354.0,5,3726800.0
399,ID1429,1300,1201,1331,1312,1270,1238,5624,5312,4009,6316,4130,6352,25391,11430.2,10,9571970.0
400,ID1543,1295,2600,2054,2628,2718,2718,9724,6092,8096,7225,10985,12718,42122,21142.4,10,18341640.0
401,ID4775,1238,665,601,472,724,602,0,0,0,0,0,3064,0,3064.0,5,3388100.0
402,ID2270,2255,770,596,745,509,704,0,0,0,0,0,3324,0,3324.0,5,3719750.0
403,ID5002,1372,750,751,687,541,416,0,0,0,0,0,3145,0,3145.0,5,3514750.0
404,ID7957,4444,1437,1192,1236,1166,1364,0,0,0,0,0,6395,0,6395.0,5,7123400.0
405,ID3899,3948,665,795,683,696,645,0,0,0,0,0,3484,0,3484.0,5,3863450.0
407,ID9151,1203,879,686,714,580,731,0,0,0,0,0,3590,0,3590.0,5,4014600.0
408,ID3662,3715,712,612,644,645,588,0,0,0,0,0,3201,0,3201.0,5,3560000.0
409,ID7064,1085,605,654,760,525,676,0,0,0,0,0,3220,0,3220.0,5,3588000.0
410,ID1819,1180,524,740,625,752,536,0,0,0,0,0,3177,0,3177.0,5,3503150.0
411,ID6874,1212,650,634,553,573,539,0,0,0,0,0,2949,0,2949.0,5,3279250.0
412,ID5532,1067,510,623,670,640,780,0,0,0,0,0,3223,0,3223.0,5,3565800.0
413,ID3409,2069,665,665,687,621,577,0,0,0,0,0,3215,0,3215.0,5,3575250.0
414,ID1214,2165,549,523,678,735,645,0,0,0,0,0,3130,0,3130.0,5,3458300.0
415,ID3549,4292,2110,2064,2381,2986,2823,9023,9740,8655,5960,10007,12364,43385,21041.0,10,17959500.0
416,ID4352,3379,542,541,516,540,653,0,0,0,0,0,2792,0,2792.0,5,3097200.0
417,ID4469,3941,577,661,763,607,699,0,0,0,0,0,3307,0,3307.0,5,3672850.0
418,ID9841,578,1216,1526,1270,1294,1218,5702,5368,5557,4374,4834,6524,25835,11691.0,10,9817490.0
419,ID2600,807,813,577,729,609,609,0,0,0,0,0,3337,0,3337.0,5,3727550.0
420,ID8112,3667,558,723,605,432,615,0,0,0,0,0,2933,0,2933.0,5,3269150.0
421,ID8924,1793,561,698,561,739,494,0,0,0,0,0,3053,0,3053.0,5,3368550.0
422,ID6387,2031,535,558,835,597,612,0,0,0,0,0,3137,0,3137.0,5,3486250.0
423,ID5720,2982,739,661,749,696,578,0,0,0,0,0,3423,0,3423.0,5,3807050.0
424,ID4545,3643,796,648,711,633,671,0,0,0,0,0,3459,0,3459.0,5,3856750.0
425,ID8569,1069,654,666,733,741,678,0,0,0,0,0,3472,0,3472.0,5,3847150.0
426,ID1745,3898,674,463,723,696,499,0,0,0,0,0,3055,0,3055.0,5,3394450.0
427,ID5440,2392,465,643,707,615,556,0,0,0,0,0,2986,0,2986.0,5,3304950.0
428,ID7313,4155,500,631,609,403,458,0,0,0,0,0,2601,0,2601.0,5,2901250.0
429,ID8975,2289,513,626,569,849,640,0,0,0,0,0,3197,0,3197.0,5,3511550.0
430,ID6103,657,493,679,488,775,573,0,0,0,0,0,3008,0,3008.0,5,3305000.0
431,ID8877,4989,583,527,616,758,676,0,0,0,0,0,3160,0,3160.0,5,3489300.0
432,ID6037,3310,761,820,463,731,607,0,0,0,0,0,3382,0,3382.0,5,3746350.0
433,ID1134,2961,760,573,726,722,750,0,0,0,0,0,3531,0,3531.0,5,3924200.0
434,ID5840,4054,567,665,752,633,784,0,0,0,0,0,3401,0,3401.0,5,3772100.0
435,ID1012,1931,636,713,795,572,559,0,0,0,0,0,3275,0,3275.0,5,3648650.0
436,ID7290,4436,686,779,600,593,584,0,0,0,0,0,3242,0,3242.0,5,3605500.0
437,ID3169,4284,561,633,803,534,349,0,0,0,0,0,2880,0,2880.0,5,3210850.0
438,ID5381,1026,758,739,831,654,624,0,0,0,0,0,3606,0,3606.0,5,4018550.0
439,ID1603,542,803,641,712,628,688,0,0,0,0,0,3472,0,3472.0,5,3872300.0
440,ID2467,1741,689,675,668,627,694,0,0,0,0,0,3353,0,3353.0,5,3727900.0
441,ID9465,1583,2376,2856,2366,2521,2130,9851,11156,7233,9251,10886,12249,48377,21924.4,10,18376170.0
442,ID5942,3442,705,623,706,661,452,0,0,0,0,0,3147,0,3147.0,5,3501400.0
443,ID1948,508,668,764,656,834,699,0,0,0,0,0,3621,0,3621.0,5,3999300.0
445,ID2077,4641,2314,2219,2270,2435,1780,11548,7447,8057,9742,8215,11018,45009,20019.800000000003,10,16728200.0
446,ID9065,3825,385,727,478,623,659,0,0,0,0,0,2872,0,2872.0,5,3159300.0
447,ID8333,3653,538,682,594,667,522,0,0,0,0,0,3003,0,3003.0,5,3320100.0
448,ID6284,884,524,633,673,614,753,0,0,0,0,0,3197,0,3197.0,5,3541350.0
449,ID9980,4256,2462,2094,2374,2435,1871,6212,7888,4999,9370,8990,11236,37459,18727.8,10,16198010.0
450,ID2382,3579,588,640,718,768,533,0,0,0,0,0,3247,0,3247.0,5,3589600.0
451,ID2582,896,554,463,505,842,514,0,0,0,0,0,2878,0,2878.0,5,3162250.0
452,ID5432,3323,632,815,627,642,804,0,0,0,0,0,3520,0,3520.0,5,3902350.0
453,ID1551,3939,705,706,554,470,686,0,0,0,0,0,3121,0,3121.0,5,3484300.0
454,ID3767,3713,593,482,702,603,498,0,0,0,0,0,2878,0,2878.0,5,3199900.0
455,ID3815,1826,605,599,564,710,690,0,0,0,0,0,3168,0,3168.0,5,3502500.0
456,ID9642,3206,691,613,619,836,698,0,0,0,0,0,3457,0,3457.0,5,3819150.0
457,ID5501,1883,608,664,521,653,658,0,0,0,0,0,3104,0,3104.0,5,3435950.0
458,ID6675,1364,588,626,538,508,496,0,0,0,0,0,2756,0,2756.0,5,3066500.0
459,ID3287,3535,462,679,603,719,689,0,0,0,0,0,3152,0,3152.0,5,3471650.0
460,ID1953,1785,642,664,537,704,640,0,0,0,0,0,3187,0,3187.0,5,3526350.0
461,ID5211,1691,594,579,617,754,761,0,0,0,0,0,3305,0,3305.0,5,3650350.0
462,ID5562,1381,635,799,772,883,527,0,0,0,0,0,3616,0,3616.0,5,3991400.0
463,ID4231,1814,600,718,475,759,707,0,0,0,0,0,3259,0,3259.0,5,3592750.0
464,ID4669,1119,585,511,604,707,583,0,0,0,0,0,2990,0,2990.0,5,3307000.0
465,ID5781,3871,696,545,559,705,644,0,0,0,0,0,3149,0,3149.0,5,3490950.0
466,ID6904,2525,703,584,565,754,687,0,0,0,0,0,3293,0,3293.0,5,3645450.0
467,ID7376,1517,496,599,488,627,610,0,0,0,0,0,2820,0,2820.0,5,3113300.0
468,ID9948,2266,410,612,604,729,738,0,0,0,0,0,3093,0,3093.0,5,3400600.0
469,ID6449,4567,697,770,527,502,781,0,0,0,0,0,3277,0,3277.0,5,3650550.0
470,ID2005,1663,624,701,828,505,722,0,0,0,0,0,3380,0,3380.0,5,3771300.0
471,ID4902,2498,578,670,503,507,705,0,0,0,0,0,2963,0,2963.0,5,3291550.0
472,ID1743,4465,677,474,453,723,452,0,0,0,0,0,2779,0,2779.0,5,3074950.0
473,ID3948,2103,646,471,549,818,720,0,0,0,0,0,3204,0,3204.0,5,3534650.0
474,ID7573,1685,687,719,833,485,667,0,0,0,0,0,3391,0,3391.0,5,3791950.0
475,ID1916,2834,519,697,648,606,724,0,0,0,0,0,3194,0,3194.0,5,3537100.0
476,ID8444,2328,519,659,663,588,680,0,0,0,0,0,3109,0,3109.0,5,3446150.0
477,ID9619,1411,490,648,697,513,673,0,0,0,0,0,3021,0,3021.0,5,3355650.0
478,ID1360,3404,601,722,612,628,802,0,0,0,0,0,3365,0,3365.0,5,3729400.0
479,ID3335,1357,650,730,645,575,800,0,0,0,0,0,3400,0,3400.0,5,3779750.0
480,ID2456,4406,777,694,643,582,616,0,0,0,0,0,3312,0,3312.0,5,3694850.0
481,ID3874,731,649,469,671,765,685,0,0,0,0,0,3239,0,3239.0,5,3584850.0
482,ID5985,4672,697,466,870,597,530,0,0,0,0,0,3160,0,3160.0,5,3529500.0
483,ID5264,670,730,698,599,657,617,0,0,0,0,0,3301,0,3301.0,5,3668350.0
484,ID5393,2557,696,830,473,630,597,0,0,0,0,0,3226,0,3226.0,5,3578850.0
485,ID9262,1374,557,691,860,641,657,0,0,0,0,0,3406,0,3406.0,5,3781200.0
486,ID4301,3054,610,413,729,501,540,0,0,0,0,0,2793,0,2793.0,5,3119650.0
487,ID4506,1547,898,452,501,665,699,0,0,0,0,0,3215,0,3215.0,5,3584850.0
488,ID8552,2049,710,491,705,503,723,0,0,0,0,0,3132,0,3132.0,5,3501150.0
489,ID5726,2055,777,615,720,497,691,0,0,0,0,0,3300,0,3300.0,5,3694000.0
490,ID1726,1371,534,710,582,494,628,0,0,0,0,0,2948,0,2948.0,5,3275900.0
491,ID6490,4565,628,773,674,486,776,0,0,0,0,0,3337,0,3337.0,5,3718600.0
492,ID4368,1941,621,592,878,775,743,0,0,0,0,0,3609,0,3609.0,5,3998400.0
493,ID9469,1783,729,548,707,781,679,0,0,0,0,0,3444,0,3444.0,5,3818550.0
495,ID4158,7058,1793,2004,1803,1727,1972,7676,12262,7572,10691,8398,9299,46599,18618.800000000003,10,14938650.0
496,ID6886,8650,1634,1683,1560,1874,1933,8511,6634,8457,9109,5907,8684,38618,16407.6,10,13486430.0
497,ID3871,8529,1590,1770,1351,2224,1859,7071,8437,7899,8769,8428,8794,40604,16914.8,10,13732570.0
498,ID1808,8895,1570,1823,1998,1985,2108,10013,10267,9575,5668,8940,9484,44463,18376.6,10,14930180.0
499,ID3376,7751,1879,1240,1750,1629,1889,8586,8830,9884,7306,8405,8387,43011,16989.2,10,13649840.0
500,ID3551,9912,1560,1820,1558,1603,2032,8356,6969,6962,7111,10114,8573,39512,16475.4,10,13455030.0
501,ID5770,6192,1401,2306,1775,1106,1711,9847,10397,7486,6513,9173,8299,43416,16982.2,10,13559640.0
502,ID4587,4762,2097,1710,1988,1571,2256,10621,9324,8249,8007,5345,9622,41546,17931.2,10,14880050.0
503,ID1443,7264,2109,2147,2412,2145,2048,7452,10593,9070,6625,9906,10861,43646,19590.2,10,16413470.0
504,ID8689,4162,1625,2228,1742,1908,1795,7437,9999,9563,10701,8239,9298,45939,18485.800000000003,10,14876140.0
505,ID6976,7091,2627,1684,2105,1361,1739,8857,7837,11377,8551,7724,9516,44346,18385.2,10,15169450.0
506,ID9335,5178,1404,2136,2089,1573,2123,8953,7069,10439,9159,8776,9325,44396,18204.2,10,14818350.0
507,ID8750,6993,1831,1273,2144,1972,1581,7527,8291,6723,10312,6641,8801,39494,16699.8,10,13707920.0
508,ID6089,5234,1619,2439,1688,1991,1733,8777,8727,9195,9087,8127,9470,43913,18252.6,10,14860180.0
509,ID5178,6889,2008,2251,1757,1405,1383,7671,8602,9028,7570,7770,8804,40641,16932.2,10,13900910.0
510,ID2112,6875,1822,1974,1776,1964,1510,7672,10342,9270,7548,10021,9046,44853,18016.6,10,14499780.0
511,ID8167,4202,1913,1457,1799,1690,1947,5737,8482,8767,5618,8417,8806,37021,16210.2,10,13503800.0
512,ID3236,6626,1793,1292,1603,1765,1430,8196,8698,10774,5916,10939,7883,44523,16787.6,10,13227310.0
513,ID7167,9832,1550,1501,1698,1640,1587,7130,7376,9423,7255,7136,7976,38320,15640.0,10,12701970.0
514,ID7392,3432,1533,1337,1617,1679,1363,8726,10544,10129,10683,8481,7529,48563,17241.6,10,13200300.0
515,ID6385,8999,2092,1751,1898,1320,1984,6785,10703,7695,8746,5053,9045,38982,16841.4,10,13989720.0
516,ID7769,8495,1462,2132,1675,1566,1663,9948,7887,9142,7391,9436,8498,43804,17258.800000000003,10,13814100.0
517,ID6558,7864,1701,1722,1495,1527,2028,8660,8883,7565,6346,7943,8473,39397,16352.400000000001,10,13338970.0
518,ID2861,3331,1478,1393,1982,1992,1435,8795,7671,10350,5366,9330,8280,41512,16582.4,10,13333690.0
519,ID3024,3494,1842,1510,2004,1601,2023,9195,6864,10892,6901,9583,8980,43435,17667.0,10,14386080.0
520,ID9229,4031,2058,2010,2199,2061,2141,8334,8598,7777,7717,9514,10469,41940,18857.0,10,15811340.0
521,ID2729,9199,2031,2211,2269,1868,1218,10099,7007,10080,10635,11349,9597,49170,19431.0,10,15634180.0
522,ID9585,5795,2391,1457,1648,1842,1425,9026,9376,7456,7383,8908,8763,42149,17192.800000000003,10,13972300.0
523,ID7380,3159,2082,1520,1723,1554,2157,7778,8627,8314,9100,9607,9036,43426,17721.2,10,14418020.0
524,ID7388,6729,1736,1728,1267,1570,2129,8215,6585,8681,7521,7011,8430,38013,16032.6,10,13175210.0
526,ID9973,4038,1411,1970,2001,1317,1870,7341,6473,8091,9850,7744,8569,39499,16468.8,10,13501430.0
527,ID5062,9884,1863,1539,2251,1796,2008,9117,5788,10364,7966,7242,9457,40477,17552.4,10,14615410.0
528,ID7881,3187,1964,1984,1624,1374,2276,7365,5881,7947,9024,9042,9222,39259,17073.8,10,14230960.0
529,ID8909,5419,2185,1760,1379,1621,1960,10552,11565,6685,6836,8939,8905,44577,17820.4,10,14329750.0
530,ID6805,4434,2175,2117,1839,1784,1425,9040,7366,9944,9395,8874,9340,44619,18263.800000000003,10,14892730.0
531,ID7381,9104,1543,2300,2058,2204,1432,10611,9427,10598,6148,9083,9537,45867,18710.4,10,15125910.0
532,ID4487,5900,1985,1913,2083,1542,1891,8612,11041,6957,8517,10173,9414,45300,18474.0,10,14993010.0
533,ID3652,3672,1973,1263,1559,2312,1408,7567,5602,7372,6649,10429,8515,37619,16038.8,10,13190150.0
534,ID1811,9058,1525,1800,1647,1320,1461,9401,8071,5638,9970,8647,7753,41727,16098.4,10,12779520.0
535,ID9876,8339,4088,3876,3094,4172,3135,15724,17740,18829,13858,17341,18365,83492,35063.4,10,28707890.0
536,ID9061,5080,2013,2207,1820,1513,1814,10845,7516,9304,12157,9222,9367,49044,19175.800000000003,10,15366980.0
538,ID7945,7728,1526,2122,2029,1527,1129,8677,13028,6679,7344,8985,8333,44713,17275.6,10,13675460.0
539,ID6307,5882,1699,1780,1613,1566,1670,8723,9321,6011,8012,5462,8328,37529,15833.8,10,12974550.0
540,ID7029,3342,2347,2044,2039,2293,2395,15350,12411,14627,12621,14306,11118,69315,24981.0,10,19290810.0
541,ID4041,9276,1479,1448,2685,1784,1799,7965,8379,7043,7182,2798,9195,33367,15868.400000000001,10,13541590.0
542,ID8145,3022,1817,2384,2130,1530,1293,9261,8457,10085,7722,7318,9154,42843,17722.6,10,14505180.0
543,ID4065,3181,2004,2255,1003,1564,1560,9718,8583,8064,5630,8058,8386,40053,16396.6,10,13318860.0
544,ID3607,9638,1824,1687,1187,1966,2047,8496,10660,8539,8221,7704,8711,43620,17435.0,10,13968040.0
545,ID9431,7876,1915,1899,1705,1577,1773,5460,9723,7261,6071,9639,8869,38154,16499.8,10,13665730.0
546,ID6296,7871,1850,1730,1300,2131,1483,10152,6211,7949,6165,6839,8494,37316,15957.2,10,13129280.0
547,ID9303,5670,2304,1847,1923,1892,1501,10695,6448,8359,10641,10061,9467,46204,18707.800000000003,10,15190560.0
548,ID8279,9682,1682,1798,2028,1840,1927,8362,9279,10206,9762,7827,9275,45436,18362.2,10,14840970.0
549,ID9035,6610,1737,1997,2360,1512,1719,9296,10605,7089,9417,6014,9325,42421,17809.2,10,14604940.0
550,ID6564,6151,1946,1813,1599,1712,1520,11541,8302,6934,9392,9949,8590,46118,17813.6,10,14150470.0
551,ID6602,7141,2028,1849,1665,1798,1934,11552,8479,4170,8793,9718,9274,42712,17816.4,10,14535760.0
552,ID6983,4685,1833,1151,1768,1546,1377,7885,8641,8150,8359,7188,7675,40223,15719.6,10,12576990.0
553,ID1772,9950,1755,1443,2108,2145,1640,10160,11871,7313,7361,7551,9091,44256,17942.2,10,14446520.0
554,ID7820,4619,1771,1783,1883,1741,1912,7830,10944,9177,9478,9301,9090,46730,18436.0,10,14751480.0
555,ID7377,4505,1658,1431,2011,1606,1409,7842,9476,6384,10601,5695,8115,39998,16114.6,10,13001130.0
556,ID9783,5445,1611,2050,1286,1444,1412,9897,8820,8090,9276,7400,7803,43483,16499.6,10,13005300.0
557,ID4230,3957,1795,2196,1981,1750,1553,7286,8317,7033,11871,7452,9275,41959,17666.800000000003,10,14489110.0
558,ID1093,8860,1723,1608,1879,1151,1839,9393,7287,9974,8226,5693,8200,40573,16314.6,10,13255320.0
559,ID4606,7528,1683,1370,1962,1990,1712,8933,9149,9057,9948,9152,8717,46239,17964.800000000003,10,14279080.0
560,ID6031,4802,1707,1909,1707,1618,2089,9802,7102,7521,8713,9783,9030,42921,17614.2,10,14323540.0
561,ID8648,5258,2373,2378,1955,1873,1809,9311,8119,8398,7466,6868,10388,40162,18420.4,10,15593540.0
562,ID2670,3801,1478,1883,1370,1481,1771,8323,10298,7040,7331,10203,7983,43195,16622.0,10,13136420.0
565,ID8786,7950,2035,2316,1405,1427,2432,8334,9511,9477,9721,9722,9615,46765,18968.0,10,15383710.0
567,ID1279,5486,1817,1576,1823,2092,1637,5437,7675,8830,8265,10548,8945,40755,17096.0,10,13990200.0
568,ID2929,7807,1956,1828,1723,2162,1757,5269,10429,6839,8800,8798,9426,40135,17453.0,10,14411750.0
569,ID6046,4654,1743,1152,1958,1789,1488,8382,8832,9620,8637,9813,8130,45284,17186.800000000003,10,13572580.0
570,ID8900,8172,1886,1704,1981,1761,1930,6868,10703,8697,10183,11416,9262,47867,18835.4,10,15066390.0
571,ID7690,3010,1367,2056,1832,1256,2118,11086,8745,7487,8685,7781,8629,43784,17385.800000000003,10,13960420.0
572,ID2390,3312,2286,2062,2425,1752,1945,7842,9373,7486,7721,12637,10470,45059,19481.800000000003,10,16178680.0
573,ID9160,6210,3790,3455,2575,3114,3361,15612,18227,20067,13257,18517,16295,85680,33431.0,10,26707250.0
574,ID5121,5515,1990,2151,2090,2285,1709,8524,8597,7063,10253,7253,10225,41690,18563.0,10,15476160.0
575,ID6510,3878,2166,1597,1679,1872,1825,6285,8514,8255,8182,8084,9139,39320,17003.0,10,14095660.0
577,ID7374,3507,1544,1636,1495,1950,2230,9355,3409,10296,7459,12373,8855,42892,17433.4,10,14132720.0
578,ID5426,8647,1989,1892,1785,1592,1378,8395,6460,7088,8326,6121,8636,36390,15914.0,10,13273830.0
579,ID3866,9099,1708,1382,1721,1976,2166,6377,7786,6121,8175,8829,8953,37288,16410.6,10,13619700.0
580,ID7369,9177,1343,1749,1512,1588,1440,8442,7739,10188,10136,5908,7632,42413,16114.6,10,12712090.0
581,ID4159,4762,1747,1978,1946,1901,1448,9407,6966,9626,7765,6970,9020,40734,17166.8,10,14103900.0
582,ID8330,6720,1947,2017,1740,1923,1787,8288,5910,8377,8135,8085,9414,38795,17173.0,10,14348970.0
583,ID8021,8416,1489,1485,1802,1756,1555,8148,6057,8694,9962,9037,8087,41898,16466.6,10,13175270.0
584,ID8246,3724,2037,1957,1633,1895,1565,7330,7663,9567,9490,8404,9087,42454,17577.800000000003,10,14355990.0
585,ID2798,5232,1742,1355,1650,1702,1391,11134,7333,7634,7078,9329,7840,42508,16341.6,10,12964310.0
586,ID5248,5877,1972,1908,1750,1773,1380,6814,8413,10593,10376,9820,8783,46016,17986.2,10,14392100.0
587,ID4810,6002,1779,1874,2118,2280,2370,5005,7183,7665,10132,10591,10421,40576,18536.2,10,15581320.0
588,ID7071,4946,1774,1822,1269,1889,1728,11277,8204,5036,8086,9432,8482,42035,16889.0,10,13553970.0
589,ID6487,4687,1818,1481,1689,1318,2133,10202,7536,5438,9785,9083,8439,42044,16847.800000000003,10,13600770.0
590,ID7574,4501,1834,1302,1695,1233,1522,10121,9773,5743,7718,6590,7586,39945,15575.0,10,12443650.0
592,ID3142,8429,2340,1908,1411,1900,1751,7227,7386,9437,6115,7201,9310,37366,16783.2,10,14112660.0
594,ID2321,5848,1670,1719,1484,1722,1597,10760,10649,7797,9537,7846,8192,46589,17509.800000000003,10,13710580.0
595,ID4601,6096,1887,1935,1101,1632,1742,7306,10483,8852,9603,10898,8297,47142,17725.4,10,13905140.0
596,ID4284,6693,2124,1412,1193,2358,1751,7169,6912,8468,12036,8152,8838,42737,17385.4,10,14047310.0
597,ID4172,7065,1937,1784,1563,1614,2197,11029,7478,9243,9564,8170,9095,45484,18191.800000000003,10,14681000.0
598,ID8417,3415,1811,1625,1833,1741,1770,10959,8927,8125,7015,9062,8780,44088,17597.6,10,14157430.0
599,ID9685,3487,1866,2491,1972,2449,1888,7871,8260,9220,7676,7217,10666,40244,18714.8,10,15806900.0
600,ID5390,7058,2138,2320,1932,1684,1771,5470,7691,9401,8582,8409,9845,39553,17755.6,10,14943900.0
601,ID9541,5468,2426,2778,2163,2618,2732,12116,12839,14171,11826,11838,12717,62790,25275.0,10,20369970.0
602,ID3181,9345,1929,1503,1789,1641,1716,7589,11231,8058,8731,9133,8578,44742,17526.4,10,13996520.0
603,ID6967,6219,1334,1880,2089,1822,910,8141,6337,6943,8820,5453,8035,35694,15173.8,10,12469610.0
604,ID9568,7978,1863,1339,1714,1979,1808,9165,9680,7078,9277,9441,8703,44641,17631.2,10,14085480.0
605,ID3689,7432,1929,1822,1498,1617,2295,10322,6527,9958,8705,8162,9161,43674,17895.800000000003,10,14584910.0
606,ID4865,6572,1902,1769,1957,1330,1553,5046,9364,7805,7985,10925,8511,41125,16736.0,10,13614060.0
607,ID5287,7187,1451,2049,2031,1104,1355,9615,9660,6597,6912,5898,7990,38682,15726.400000000001,10,12762820.0
608,ID1479,3680,1923,1583,2068,1666,1826,9081,10098,6847,7412,11146,9066,44584,17982.800000000003,10,14527590.0
609,ID6304,8454,1991,2447,1459,1716,1796,8408,7778,9172,7814,9165,9409,42337,17876.4,10,14697990.0
610,ID2367,7253,1512,1571,2078,2123,1436,6475,9644,11090,12212,8818,8720,48239,18367.800000000003,10,14473160.0
611,ID8784,4828,1937,1896,1121,2261,2441,8863,9822,4279,8258,8203,9656,39425,17541.0,10,14532320.0
612,ID1795,9296,2134,2044,1898,1782,2287,12886,7711,10957,9664,10992,10145,52210,20587.0,10,16543060.0
613,ID7192,3297,1400,1370,1686,2046,2126,8098,9911,8091,10077,8435,8628,44612,17550.4,10,13953500.0
614,ID3386,3837,1903,2182,1382,2151,1489,8103,8565,11863,8282,8324,9107,45137,18134.4,10,14608680.0
615,ID2074,6190,2312,1973,2687,2784,2442,15325,11013,11698,18168,14996,12198,71200,26438.0,10,20631800.0
616,ID4360,5299,1652,2307,2117,1809,1641,8396,8214,9287,9387,7306,9526,42590,18044.0,10,14838480.0
617,ID3458,8811,1827,2042,1946,1894,1542,7581,8905,11491,8579,8993,9251,45549,18360.800000000003,10,14847460.0
618,ID9807,9730,1937,1928,1927,1708,1570,8015,9718,8302,9139,10514,9070,45688,18207.6,10,14650890.0
619,ID1484,6129,1312,1183,1853,2221,1960,11874,8996,11837,9343,6609,8529,48659,18260.800000000003,10,14277960.0
620,ID6927,7214,1109,1724,1481,1891,1925,7995,8873,6393,6250,11408,8130,40919,16313.8,10,13005950.0
621,ID1764,9126,1457,1569,1738,1527,2164,7623,10036,8359,6590,9375,8455,41983,16851.6,10,13561930.0
622,ID3881,6122,2335,1734,1664,1100,1509,8315,9445,8098,8808,7646,8342,42312,16804.4,10,13600630.0
623,ID5899,5384,1579,1934,1649,1388,2184,8789,7592,10954,8709,11048,8734,47092,18152.4,10,14451770.0
624,ID3935,7540,2309,1774,2164,1988,1485,8841,9113,11197,6212,11296,9720,46659,19051.800000000003,10,15519040.0
625,ID3739,3753,1638,1560,1820,1885,1741,6589,7665,9972,12054,7670,8644,43950,17434.0,10,13992770.0
626,ID7948,8200,2563,2472,2404,2123,2199,11058,14778,14837,11817,13846,11761,66336,25028.2,10,19735490.0
627,ID3999,8513,2127,1798,1444,1461,1332,7998,11002,7009,7733,8225,8162,41967,16555.4,10,13273770.0
628,ID7496,7110,1421,1834,1265,1719,1515,6388,6413,8495,8287,11171,7754,40754,15904.8,10,12659070.0
629,ID6459,7748,1485,1439,2319,1647,1776,6949,10465,7834,8066,4017,8666,37331,16132.2,10,13339140.0
630,ID1886,8717,1969,2159,2023,1608,1572,8187,11581,10671,10359,10014,9331,50812,19493.4,10,15473450.0
631,ID6357,6041,1612,1850,1599,1673,2013,7316,8710,9680,8798,8596,8747,43100,17367.0,10,14015250.0
632,ID5662,8392,2322,1599,2333,1568,1682,8348,9395,8341,9203,8418,9504,43705,18245.0,10,15006410.0
633,ID2521,6157,1772,1990,1592,2391,1752,8428,8966,10410,9727,8354,9497,45885,18674.0,10,15067340.0
634,ID6909,5141,1838,1339,1797,2081,1480,9622,10284,8881,9015,7953,8535,45755,17686.0,10,14015520.0
635,ID7109,7931,1892,595,1747,1058,1857,8763,9881,8034,6284,9687,7149,42649,15678.800000000001,10,12281080.0
636,ID1193,3871,2076,1702,1858,1607,2375,8896,10232,9270,10237,8617,9618,47252,19068.4,10,15435180.0
637,ID2156,8451,1740,1818,1758,1735,2105,6678,9358,10577,9528,8011,9156,44152,17986.4,10,14587390.0
638,ID8908,4057,1995,1418,1499,1905,2236,9053,10436,9024,8093,6838,9053,43444,17741.800000000003,10,14372530.0
639,ID3844,8838,1233,1662,1600,1757,2081,6613,9887,8935,9016,12164,8333,46615,17656.0,10,13845880.0
640,ID5839,9051,1813,1845,1805,1489,2376,10710,9829,5980,7175,9371,9328,43065,17941.0,10,14651460.0
641,ID8854,6512,2273,2041,1645,1874,1233,6923,13069,6774,10118,7682,9066,44566,17979.2,10,14488400.0
642,ID7199,6197,2039,1615,1947,1696,1959,8075,6392,9419,5453,8118,9256,37457,16747.4,10,14089220.0
643,ID5641,3519,1705,2540,1264,1678,1882,9770,9358,8739,10386,9897,9069,48150,18699.0,10,14850610.0
644,ID6078,3611,1996,1041,2107,2444,1896,9954,7035,9198,9574,8576,9484,44337,18351.4,10,14948280.0
645,ID3247,6942,1816,1533,1774,1056,2017,6385,8529,5853,11115,6971,8196,38853,15966.6,10,13038840.0
646,ID5728,9369,1739,2148,1492,1283,1831,9633,6873,7589,10163,10545,8493,44803,17453.6,10,13949960.0
647,ID7793,7077,1714,1777,1826,2585,1575,9113,9602,10253,8514,5267,9477,42749,18026.800000000003,10,14710310.0
648,ID3590,9785,2686,1841,1868,1984,1601,9795,7741,9506,6713,8221,9980,41976,18375.2,10,15356850.0
649,ID1480,7993,1637,1518,1538,1734,1791,9226,10154,8575,9745,7596,8218,45296,17277.2,10,13620810.0
650,ID9617,7025,2208,2147,1524,1676,1700,7292,10253,8737,10344,7620,9255,44246,18104.2,10,14719340.0
651,ID7452,5092,2079,1627,1616,1441,2657,7396,8974,9296,6833,5354,9420,37853,16990.6,10,14295120.0
652,ID8837,6985,1693,1754,1594,1666,1551,10818,10106,9504,8820,7296,8258,46544,17566.800000000003,10,13814580.0
653,ID7612,4984,1905,1806,1077,1244,2292,8845,9070,11907,4823,8301,8324,42946,16913.2,10,13599320.0
654,ID6613,6816,1823,2671,1723,1734,1397,9452,10032,10753,8080,8167,9348,46484,18644.800000000003,10,15033460.0
655,ID8422,5765,1369,1763,1320,1594,2173,11516,8111,8134,7939,5796,8219,41496,16518.2,10,13234230.0
656,ID7358,5024,2499,2511,2355,2504,2044,14451,14730,11873,12534,17901,11913,71489,26210.800000000003,10,20341880.0
657,ID3075,8411,1969,1824,1764,2026,2000,7512,8867,8598,7942,6596,9583,39515,17486.0,10,14572610.0
658,ID9412,4128,1302,2028,1483,1870,1489,11142,5220,8998,10560,9366,8172,45286,17229.2,10,13572930.0
659,ID5407,7627,1979,1588,2051,905,824,6505,9497,7303,8822,10124,7347,42251,15797.2,10,12494810.0
660,ID2463,4904,1380,1848,1646,1524,2177,8682,8933,9430,7384,8313,8575,42742,17123.4,10,13779570.0
661,ID8891,6382,1866,1637,1572,1909,2332,8468,10530,9537,7305,9269,9316,45109,18337.800000000003,10,14822870.0
662,ID9190,3682,1534,1915,1454,1804,2078,8450,7657,10123,10963,7104,8785,44297,17644.4,10,14163560.0
663,ID3289,9894,1214,1506,2061,1871,1685,7748,10821,9591,7499,6673,8337,42332,16803.4,10,13428950.0
664,ID2628,6290,2441,2420,1437,1262,2019,8549,8541,11113,9537,8609,9579,46349,18848.800000000003,10,15387270.0
665,ID3213,4321,2284,2090,1658,1676,1262,6897,7916,12698,9738,8295,8970,45544,18078.800000000003,10,14612920.0
666,ID8017,6863,1976,2089,1889,1640,1976,8279,10892,8441,9516,8857,9570,45985,18767.0,10,15229040.0
667,ID9917,6571,1577,1642,1508,1871,1570,9046,9960,7514,5910,8746,8168,41176,16403.2,10,13123940.0
668,ID7796,7250,886,2237,2222,1778,1606,5262,9089,11475,7023,11551,8729,44400,17609.0,10,14087660.0
669,ID9455,5691,2180,1901,1240,1824,2233,10905,8617,9746,6594,8255,9378,44117,18201.4,10,14836390.0
670,ID1768,9241,2005,1657,1973,1889,1407,9299,8852,8917,7412,11847,8931,46327,18196.4,10,14567700.0
671,ID5233,4275,2029,2024,1996,1870,1594,10041,6812,10559,8034,8304,9513,43750,18263.0,10,14992470.0
672,ID2342,4817,2177,1628,1861,1504,1715,7230,7875,8532,9154,8997,8885,41788,17242.6,10,14119220.0
674,ID3985,6440,2214,2440,2319,2079,2419,16433,10409,17193,15183,12409,11471,71627,25796.4,10,19978090.0
675,ID6295,7373,1136,1783,1682,1782,2036,8930,10297,8150,7308,10611,8419,45296,17478.2,10,13788530.0
676,ID3529,8921,1908,1513,1482,1823,1266,7807,9411,9659,9016,8812,7992,44705,16933.0,10,13346780.0
677,ID4831,5701,1822,2288,2123,1364,2032,6577,5993,8143,7681,10689,9629,39083,17445.6,10,14673650.0
678,ID6929,4062,2177,1704,1983,1664,1131,8800,9565,10321,12155,8754,8659,49595,18578.0,10,14642410.0
679,ID7538,3507,846,2494,1967,1734,1632,7718,8955,10208,7311,9120,8673,43312,17335.4,10,13893580.0
681,ID2828,5525,2143,2192,2236,1691,1759,10796,5119,8468,11195,8209,10021,43787,18778.4,10,15592290.0
682,ID5520,5588,2071,1911,1994,1492,1388,9348,10020,6751,8665,6530,8856,41314,17118.800000000003,10,13997910.0
683,ID9488,7484,1294,1945,1296,1826,2011,8808,9817,8576,10034,10174,8372,47409,17853.800000000003,10,13949290.0
684,ID4716,5978,1897,2077,1434,1694,1546,6206,5639,6033,8273,8241,8648,34392,15526.400000000001,10,13047940.0
685,ID4011,4589,1912,1884,1220,2123,1776,8361,7420,7996,7502,8331,8915,39610,16837.0,10,13813160.0
686,ID6799,3927,1392,1415,1911,2159,1926,5116,11505,12007,7102,10969,8803,46699,18142.800000000003,10,14377070.0
687,ID8662,5650,2163,2122,1874,2131,1277,9496,8684,9015,6786,8544,9567,42525,18072.0,10,14876410.0
688,ID3534,8683,1255,1530,1857,1764,2000,12481,8509,8516,7206,11468,8406,48180,18042.0,10,14106620.0
689,ID1654,6110,1679,2308,1555,1719,2044,7595,10394,8101,6953,9635,9305,42678,17840.6,10,14554120.0
690,ID6620,4748,1521,1591,1833,1461,2139,5740,8426,9072,6722,9233,8545,39193,16383.6,10,13422910.0
691,ID9871,8418,2230,1049,1964,2142,1289,9182,6912,9653,8441,9753,8674,43941,17462.2,10,14069910.0
692,ID5023,9137,1810,1977,1891,1237,2031,8423,8947,9822,6846,10476,8946,44514,17848.800000000003,10,14452600.0
693,ID8269,7631,1701,1180,1619,1788,1944,8990,9838,5852,9407,7966,8232,42053,16642.6,10,13292890.0
694,ID2432,9738,1460,1873,1443,2437,977,9410,7484,7812,8477,7636,8190,40819,16353.8,10,13068630.0
695,ID2031,5787,2338,1405,1930,1468,1648,8167,7724,7434,7946,9172,8789,40443,16877.6,10,13892800.0
696,ID4023,7984,1986,1744,1734,1558,1829,8536,7249,10002,11155,7612,8851,44554,17761.800000000003,10,14348530.0
697,ID9118,6384,1373,1532,2388,1776,1880,8689,9986,9466,8274,5694,8949,42109,17370.800000000003,10,14128700.0
699,ID2370,6960,2074,1897,1752,1976,1219,8252,9772,8384,7408,8187,8918,42003,17318.6,10,14093620.0
700,ID6226,6786,1564,1630,1872,2252,1196,7904,9370,11418,6081,7776,8514,42549,17023.800000000003,10,13665580.0
701,ID9513,6231,1616,1919,1742,1910,2554,9301,9240,9839,6694,8048,9741,43122,18365.4,10,15090990.0
702,ID1625,6734,1522,2172,1387,1632,1915,7006,11565,10200,11283,7075,8628,47129,18053.800000000003,10,14248400.0
703,ID2860,5003,1668,1653,1823,1359,1874,8508,9371,5938,12059,9593,8377,45469,17470.800000000003,10,13849320.0
704,ID1530,7824,1483,1987,1973,2189,1885,9397,9383,6121,10180,9883,9517,44964,18509.800000000003,10,14960530.0
705,ID3330,6365,2419,1501,1617,1433,1559,7037,9267,9637,7435,7541,8529,40917,16712.4,10,13656750.0
706,ID8613,8614,1443,2127,1824,1662,1295,8273,5217,7503,8724,8512,8351,38229,15996.8,10,13101160.0
707,ID8045,7117,1636,1400,2296,2235,1835,9710,9466,11380,10176,9316,9402,50048,19411.6,10,15421040.0
708,ID3839,5199,2204,1990,1024,1757,1362,8429,6682,8475,10841,7728,8337,42155,16768.0,10,13500030.0
709,ID7137,3049,3684,3911,3769,3618,3905,13248,19887,13420,20386,15320,18887,82261,35339.2,10,29132180.0
710,ID7222,6586,2090,1625,1825,2103,2259,8732,9692,9724,12268,7315,9902,47731,19448.2,10,15755570.0
711,ID2886,8292,1991,1646,1533,1667,1601,9756,7347,7743,6222,6293,8438,37361,15910.2,10,13130910.0
712,ID7018,6084,1523,1677,1611,2024,1660,8281,10659,9690,11486,8502,8495,48618,18218.6,10,14227060.0
713,ID2928,9625,1951,2131,1631,2053,1405,10380,9309,12514,9425,8961,9171,50589,19288.800000000003,10,15250400.0
714,ID8162,9751,2208,1350,1264,1910,2237,8938,7412,8950,8514,8055,8969,41869,17342.800000000003,10,14161180.0
715,ID9556,5734,1610,1643,1701,1518,2206,8051,10598,9386,8838,11567,8678,48440,18366.0,10,14471930.0
716,ID4087,3967,1548,2184,1814,2078,1905,9199,11312,8893,8329,7270,9529,45003,18529.6,10,14995710.0
717,ID8940,4408,1730,1535,2101,1467,1805,7745,10094,9296,7432,7885,8638,42452,17128.4,10,13870370.0
718,ID5627,6072,1743,1596,1881,1927,1576,9829,10852,9934,10434,10416,8723,51465,19016.0,10,14808270.0
719,ID9211,4797,1667,1651,1976,2495,2471,12498,6102,9304,6477,9572,10260,43953,19050.6,10,15729320.0
720,ID4978,9020,1772,1450,1729,1512,1944,9218,6677,10793,8795,9051,8407,44534,17313.800000000003,10,13854710.0
721,ID7473,3872,1643,1527,1620,1556,1947,9510,9437,11970,7164,8707,8293,46788,17650.6,10,13916130.0
723,ID4542,8024,1750,2296,2226,1077,1528,9008,8052,9377,8445,9624,8877,44506,17778.2,10,14407150.0
724,ID5646,6920,1415,1319,1805,1841,1633,10416,7493,10266,10008,7666,8013,45849,17182.800000000003,10,13474580.0
725,ID4924,4242,1811,1425,1804,1389,2299,8286,8436,7851,6803,8365,8728,39741,16676.2,10,13701450.0
726,ID3570,8867,1398,1385,2125,1509,1550,9609,8741,10230,9301,10141,7967,48022,17571.4,10,13675940.0
727,ID3922,6082,1575,1466,1638,1152,2068,6809,8717,10307,8617,8167,7899,42617,16422.4,10,13090700.0
728,ID1043,8892,1955,1737,1656,1366,1493,9054,7856,8026,8532,8822,8207,42290,16665.0,10,13400100.0
729,ID2400,7351,1166,2002,1300,1303,2204,8266,5373,6504,10719,7959,7975,38821,15739.2,10,12717210.0
730,ID1136,6590,1716,1817,1935,1864,2141,9340,9350,7758,8207,6052,9473,40707,17614.4,10,14557030.0
732,ID6397,6449,1573,1203,1945,1639,1589,9571,8690,6839,6925,11906,7949,43931,16735.2,10,13209140.0
733,ID1611,8889,2200,2052,1559,1858,1977,5920,9581,7546,10570,7921,9646,41538,17953.6,10,14856200.0
734,ID1908,3011,1858,2312,2360,2021,1832,6441,7179,6518,8819,10069,10383,39026,18188.2,10,15418990.0
735,ID6849,5160,2005,2196,1611,1521,2164,7234,11226,12163,8957,9881,9497,49461,19389.2,10,15531120.0
736,ID9403,3301,1788,1860,1989,1798,1642,8641,4676,11836,8191,9037,9077,42381,17553.2,10,14392850.0
737,ID2327,5054,2090,1838,1399,1635,1664,7956,7772,10174,9105,7499,8626,42506,17127.2,10,13878670.0
738,ID5463,7535,1843,1843,1980,1028,1539,5437,9813,10485,10723,9218,8233,45676,17368.2,10,13811120.0
739,ID5758,9310,1555,1463,2000,1968,2007,9029,6435,6669,9067,8877,8993,40077,17008.4,10,13961040.0
740,ID3205,4214,1931,1138,1793,1840,1911,10924,6871,6065,8519,11367,8613,43746,17362.2,10,13939590.0
741,ID5498,4177,1529,1598,1491,1724,1635,9539,10437,8584,6666,8061,7977,43287,16634.4,10,13139920.0
742,ID8892,5185,1926,1863,2105,2067,1415,9932,10864,8047,8684,10827,9376,48354,19046.800000000003,10,15211980.0
743,ID9712,6622,2223,1983,1570,2494,1848,7860,5291,10637,7329,11425,10118,42542,18626.4,10,15488860.0
744,ID4878,9697,1247,2178,2067,2017,1556,8074,10498,8982,7823,10928,9065,46305,18326.0,10,14613190.0
745,ID8989,4435,1446,1524,2156,1740,1496,8234,7943,7785,6336,10618,8362,40916,16545.2,10,13366620.0
746,ID6869,5051,1641,2134,1914,1611,2304,9126,13157,11054,6731,10415,9604,50483,19700.6,10,15690370.0
747,ID6228,3382,1958,2017,2013,1393,1620,11271,8635,8153,9306,9175,9001,46540,18309.0,10,14707430.0
748,ID8739,6706,2036,1894,2434,2240,1956,7554,8028,7867,5591,8800,10560,37840,18128.0,10,15499690.0
750,ID9784,3613,1977,1963,1472,1153,1687,7734,9632,7082,8876,7070,8252,40394,16330.8,10,13247100.0
751,ID6958,6420,2236,1984,1745,2002,1495,6907,7218,9335,9834,8094,9462,41388,17739.6,10,14678820.0
753,ID5913,9629,2152,3316,1968,2269,1627,15585,12876,14813,12910,12345,11332,68529,25037.800000000003,10,19424170.0
754,ID8884,9622,2228,1560,1496,2033,1921,7146,8593,8586,9601,9588,9238,43514,17940.800000000003,10,14607430.0
755,ID7910,3625,2257,1621,1556,1647,1954,8607,8156,11402,7748,9540,9035,45453,18125.6,10,14655060.0
756,ID7799,8445,2345,2384,2031,2305,1990,12755,11706,14221,11686,13645,11055,64013,23857.6,10,18692500.0
757,ID7834,6243,1937,1678,1104,1618,2307,10886,8294,7927,9441,8503,8644,45051,17654.2,10,14096930.0
758,ID5163,6054,1663,1802,1786,1536,1813,7284,12510,9506,10484,10606,8600,50390,18678.0,10,14570960.0
759,ID1467,6696,2062,1681,2348,2160,2148,5989,5147,9412,9544,7189,10399,37281,17855.2,10,15317250.0
760,ID1840,8463,2008,1482,1600,1952,1312,10558,10300,11343,11029,8654,8354,51884,18730.800000000003,10,14473830.0
761,ID1566,8843,1586,1861,2083,1584,2064,6802,6511,8354,7261,7359,9178,36287,16435.4,10,13847280.0
762,ID2138,7184,1983,2711,2090,1278,2263,8071,8754,9154,7665,8300,10325,41944,18713.800000000003,10,15730900.0
763,ID5124,9043,1394,1569,1833,1539,2017,8496,9275,10462,13000,7962,8352,49195,18191.0,10,14195720.0
764,ID2241,6477,2184,1518,1167,1303,1555,10445,9760,7120,8934,7840,7727,44099,16546.800000000003,10,13029650.0
765,ID8229,9102,2766,2281,2082,2226,1844,13166,11533,12263,15142,14098,11199,66202,24439.4,10,19104500.0
766,ID1721,3165,1899,2305,1611,2070,1359,8743,9036,7649,7555,7357,9244,40340,17312.0,10,14251980.0
767,ID1029,5294,1659,2190,1891,1513,1109,9166,7577,9158,7961,6918,8362,40780,16518.0,10,13401160.0
768,ID4908,6312,2090,1975,1938,2025,1636,9458,10153,8017,7534,10188,9664,45350,18734.0,10,15247440.0
769,ID1303,8210,1504,1950,1987,2181,1949,5581,10000,10546,10157,10234,9571,46518,18874.6,10,15217010.0
770,ID5207,5005,1651,1431,1904,1871,2079,7504,5389,6093,7358,7597,8936,33941,15724.2,10,13303940.0
771,ID4343,7931,1671,1790,2129,1636,1699,8282,11425,8277,10284,7446,8925,45714,18067.800000000003,10,14467370.0
772,ID8741,6319,2266,1374,1353,1114,2109,9246,8605,7986,8864,11039,8216,45740,17364.0,10,13788260.0
773,ID1314,8216,1489,1451,2137,1958,1923,8824,10772,9552,8105,6537,8958,43790,17716.0,10,14280550.0
774,ID4505,7057,1212,1924,2165,2013,1926,6040,5047,9846,7735,7773,9240,36441,16528.2,10,13884240.0
775,ID8530,3636,2258,2273,1319,1816,1181,10815,7863,9096,8821,5572,8847,42167,17280.4,10,14070880.0
777,ID2253,3607,1660,2032,1122,1579,1329,9493,9820,9033,7714,9523,7722,45583,16838.6,10,13108830.0
778,ID2051,4174,2045,1662,2069,1691,1833,8951,9572,10119,9338,7386,9300,45366,18373.2,10,14910920.0
779,ID7703,6692,1948,1570,2301,1714,1870,9706,9099,10425,7866,8121,9403,45217,18446.4,10,15016710.0
780,ID5357,3830,1489,1682,1931,1582,1949,7258,9278,9753,9014,3746,8633,39049,16442.8,10,13493200.0
781,ID5566,7310,1768,1809,1726,1672,1646,5721,8390,6551,7599,7434,8621,35695,15760.0,10,13130110.0
782,ID1993,6447,1849,1950,1892,1118,1632,10429,4639,8096,5733,7681,8441,36578,15756.6,10,13145170.0
783,ID5458,4839,1495,1455,2051,1524,1232,12744,8374,10608,7337,9611,7757,48674,17491.800000000003,10,13522090.0
784,ID9960,4690,1815,1878,1359,1958,2257,7142,6123,8809,5699,11328,9267,39101,17087.2,10,14184310.0
785,ID1202,8570,1936,1758,2182,1679,2232,9179,11651,7080,8044,10523,9787,46477,19082.4,10,15502490.0
786,ID3156,7817,2051,1302,1585,2078,2193,9296,7934,10719,8425,9876,9209,46250,18459.0,10,14859300.0
787,ID5979,6987,1825,1996,1989,1789,1953,8719,7902,7985,8827,7502,9552,40935,17739.0,10,14704580.0
788,ID1425,6718,1824,2116,1589,1164,1581,9643,7681,7742,7912,7363,8274,40341,16342.2,10,13281560.0
789,ID7758,9910,1483,1907,1565,1818,1262,9034,11686,7376,7057,10381,8035,45534,17141.800000000003,10,13393550.0
790,ID9572,8365,1856,1669,2182,1979,1812,7461,7745,8184,8396,8367,9498,40153,17528.6,10,14564290.0
791,ID8297,1761,618,628,511,580,559,5674,6017,7526,4281,4804,2896,28302,8556.400000000001,10,6060240.0
792,ID1356,1127,636,655,671,740,557,5135,5739,6005,6200,4992,3259,28071,8873.2,10,6417810.0
793,ID7308,3139,576,611,621,628,633,3928,4821,5523,3407,6111,3069,23790,7827.0,10,5787770.0
794,ID1832,2478,710,629,527,525,576,5641,4916,6042,4348,3643,2967,24590,7885.0,10,5778810.0
795,ID1983,2708,500,642,574,677,698,6755,5788,5866,5240,4663,3091,28312,8753.400000000001,10,6243080.0
796,ID6162,1275,658,684,658,702,569,3551,6807,4514,4803,5343,3271,25018,8274.6,10,6105470.0
797,ID4532,1959,527,676,573,630,602,4107,4343,5120,3596,4888,3008,22054,7418.8,10,5540320.0
798,ID6745,795,593,483,634,658,667,6627,4444,5466,6164,5058,3035,27759,8586.8,10,6149820.0
799,ID6878,3560,777,600,590,546,669,3455,5278,4748,4429,4464,3182,22374,7656.8,10,5784900.0
800,ID8588,2922,638,662,726,755,533,6596,6782,4432,4563,4233,3314,26606,8635.2,10,6307100.0
801,ID4432,1323,456,700,643,693,680,4625,5596,5472,4314,4667,3172,24674,8106.8,10,5963810.0
802,ID1927,1754,634,672,640,619,632,5104,4338,2606,4771,4470,3197,21289,7454.8,10,5661780.0
803,ID5967,3675,674,602,594,570,719,4756,4687,4731,4059,5139,3159,23372,7833.400000000001,10,5852640.0
804,ID8366,2221,504,597,666,481,688,4063,4764,4522,4287,3141,2936,20777,7091.400000000001,10,5340480.0
805,ID2737,2470,659,706,588,510,516,4553,4221,6564,4671,5849,2979,25858,8150.6,10,5930430.0
806,ID8781,3577,661,715,634,519,645,4877,4740,4712,4826,4746,3174,23901,7954.2,10,5927120.0
807,ID2566,2089,595,674,679,608,616,3960,5697,4437,3402,5444,3172,22940,7760.0,10,5803250.0
808,ID6977,3215,702,594,698,680,579,5513,3830,4324,5112,4088,3253,22867,7826.400000000001,10,5907040.0
809,ID4255,1862,410,731,699,738,546,5954,6777,4044,5935,5660,3124,28370,8798.0,10,6248220.0
810,ID1125,1189,535,569,654,550,562,5450,5943,4053,6078,5857,2870,27381,8346.2,10,5907400.0
812,ID1307,3522,658,618,621,629,684,5510,6090,4386,5086,4777,3210,25849,8379.8,10,6132810.0
813,ID7464,3623,1409,1156,1228,1182,1368,10326,11254,12053,9154,8084,6343,50871,16517.2,10,12156490.0
814,ID7133,2267,691,683,555,657,600,4140,5706,6136,6605,5599,3186,28186,8823.2,10,6358650.0
815,ID5322,1850,666,553,573,704,550,4826,5486,4305,4502,4067,3046,23186,7683.2,10,5682240.0
816,ID3554,511,593,673,647,624,723,4524,6693,6426,6952,1691,3260,26286,8517.2,10,6241180.0
817,ID2592,1737,583,673,713,759,623,6477,4740,7687,6124,5172,3351,30200,9391.0,10,6753620.0
818,ID8867,2172,1170,1532,1285,1252,1304,8322,9192,10390,10190,8400,6543,46494,15841.800000000001,10,11914730.0
819,ID5224,2111,593,709,677,584,566,5398,3780,6660,4595,5717,3129,26150,8359.0,10,6120450.0
820,ID5346,1398,572,579,567,767,628,6172,5285,3949,3890,4199,3113,23495,7812.0,10,5769290.0
821,ID7073,2978,600,616,656,725,554,4356,5736,7184,6291,4246,3151,27813,8713.6,10,6282180.0
822,ID3049,1188,586,462,655,688,610,6651,5725,4707,4308,5207,3001,26598,8320.6,10,5973270.0
823,ID9650,1244,594,748,514,586,584,4709,4691,4649,6116,4888,3026,25053,8036.6,10,5859980.0
824,ID8514,2501,565,608,507,625,637,5261,5854,5600,5705,3892,2942,26312,8204.400000000001,10,5884210.0
825,ID5355,3439,549,645,356,654,674,5776,4783,3806,6475,4974,2878,25814,8040.8,10,5744730.0
826,ID5934,1769,732,593,747,604,584,4810,5384,5388,5289,5827,3260,26698,8599.6,10,6305990.0
827,ID7545,2995,565,501,752,656,649,4612,4927,5821,4243,4723,3123,24326,7988.2,10,5905340.0
828,ID7630,3924,659,649,579,585,700,3573,4953,4814,5839,6720,3172,25899,8351.8,10,6114060.0
830,ID7384,3441,686,628,741,530,662,4390,3004,5070,5205,5537,3247,23206,7888.2,10,5965610.0
831,ID3641,3105,497,709,641,648,508,4785,4331,5242,4408,5307,3003,24073,7817.6,10,5736660.0
832,ID4755,1873,616,637,605,677,491,5563,5826,5079,5479,5604,3026,27551,8536.2,10,6100380.0
833,ID1414,1294,645,691,631,510,625,7486,5516,4707,4546,5800,3102,28055,8713.0,10,6254660.0
834,ID7069,2957,564,601,505,618,675,4060,6081,3000,4164,4948,2963,22253,7413.6,10,5473640.0
835,ID7720,3905,666,659,558,691,496,4361,5249,4627,4789,4280,3070,23306,7731.2,10,5726780.0
836,ID3018,1129,555,672,623,644,497,4387,4484,5868,6022,4263,2991,25024,7995.8,10,5828590.0
837,ID1382,3640,664,590,552,482,711,5401,5978,5685,2956,4650,2999,24670,7933.0,10,5808770.0
838,ID3499,828,401,600,644,506,603,4345,4103,5119,4421,6394,2754,24382,7630.400000000001,10,5499460.0
839,ID1723,2745,587,653,732,669,676,5875,4045,4371,5571,3415,3317,23277,7972.400000000001,10,6008060.0
840,ID8809,561,627,583,725,598,680,4172,4849,4744,3999,5944,3213,23708,7954.6,10,5943200.0
841,ID3269,742,654,651,596,734,692,5743,4006,6833,3896,2138,3327,22616,7850.2,10,5971370.0
842,ID8559,3976,701,600,443,610,660,4052,3296,4998,3495,3918,3014,19759,6965.8,10,5339570.0
843,ID1446,3411,612,716,650,534,642,4806,3619,5257,3804,4229,3154,21715,7497.0,10,5697580.0
844,ID9330,677,622,614,558,543,589,6170,5265,4710,5003,5859,2926,27007,8327.400000000001,10,5949550.0
845,ID1323,1215,563,674,580,659,381,4108,2133,3116,5801,5566,2857,20724,7001.8,10,5244330.0
847,ID4800,2228,724,577,446,591,689,5543,3887,5234,6766,5133,3027,26563,8339.6,10,6035070.0
848,ID5842,1908,577,542,765,464,704,4196,4458,4180,5841,4947,3052,23622,7776.400000000001,10,5766170.0
849,ID7552,2089,597,644,644,647,632,4270,4274,5828,4844,2687,3164,21903,7544.6,10,5713440.0
850,ID8822,1342,626,628,534,764,567,4174,3873,3758,5156,4321,3119,21282,7375.400000000001,10,5570850.0
852,ID2951,2833,646,723,663,508,724,3882,3677,6292,3505,4372,3264,21728,7609.6,10,5836300.0
853,ID3125,1761,547,731,671,471,637,5576,5473,5593,4359,5093,3057,26094,8275.8,10,6014450.0
854,ID8375,1082,511,585,473,646,537,5571,6726,4440,4927,4960,2752,26624,8076.8,10,5676890.0
855,ID1911,1201,530,611,720,576,659,3995,3757,4811,4326,5300,3096,22189,7533.8,10,5666440.0
856,ID8755,2208,680,664,670,581,647,6172,5706,5372,5335,4734,3242,27319,8705.8,10,6338160.0
858,ID6513,2004,602,515,577,651,634,5621,4567,5113,5676,3727,2979,24704,7919.8,10,5776710.0
859,ID6859,797,659,630,718,513,463,4030,4453,5385,3923,2610,2983,20401,7063.200000000001,10,5381220.0
860,ID3631,1194,646,664,647,525,660,3654,6320,6634,4891,3861,3142,25360,8214.0,10,6039790.0
861,ID4548,2410,668,667,626,584,621,5932,5241,6161,5661,5238,3166,28233,8812.6,10,6354800.0
862,ID8661,2888,620,552,481,587,611,3703,5703,6739,5757,5618,2851,27520,8355.0,10,5925810.0
863,ID3762,3483,637,773,724,560,671,5330,3461,5640,4454,3748,3365,22633,7891.6,10,6030490.0
864,ID1304,2372,1355,1129,1229,1454,1432,10505,10154,9819,10044,9795,6599,50317,16662.4,10,12338800.0
865,ID4205,1048,539,692,621,616,460,3933,6645,5180,6398,5779,2928,27935,8515.0,10,6023000.0
867,ID7161,2769,620,556,708,670,549,6014,5744,4597,4613,4642,3103,25610,8225.0,10,5993230.0
868,ID2423,1902,638,752,632,598,548,4934,4534,4986,6331,3609,3168,24394,8046.8,10,5964320.0
869,ID6201,694,609,631,669,575,719,5271,4749,6329,3398,4978,3203,24725,8148.0,10,6048450.0
870,ID5959,2254,617,783,688,622,521,4691,4165,4337,4767,5503,3231,23463,7923.6,10,5936020.0
871,ID8138,3576,569,723,492,454,562,4292,4343,5208,5939,5700,2800,25482,7896.400000000001,10,5672950.0
873,ID4302,3874,528,681,664,583,621,5452,5224,3579,4152,4436,3077,22843,7645.6,10,5680250.0
874,ID2391,683,548,655,394,646,470,5893,4788,5396,6022,5704,2713,27803,8273.6,10,5780580.0
875,ID7722,3596,618,669,711,664,689,6376,3879,5803,5114,5638,3351,26810,8713.0,10,6417290.0
876,ID7001,1928,761,481,630,503,602,4509,5566,4083,4184,4916,2977,23258,7628.6,10,5642970.0
879,ID9181,2365,661,552,701,430,604,4953,4821,6644,6143,6318,2948,28879,8723.8,10,6207080.0
880,ID6149,2521,587,664,630,590,663,4087,5275,6384,6267,4481,3134,26494,8432.8,10,6139090.0
881,ID2333,1517,621,572,617,457,561,3684,4083,4466,4731,6072,2828,23036,7435.2,10,5465480.0
882,ID2533,1545,738,672,646,720,629,4398,6066,4099,6211,5144,3405,25918,8588.6,10,6351730.0
883,ID4013,2637,629,568,552,669,589,6427,6599,5138,5384,5292,3007,28840,8775.0,10,6200690.0
885,ID5926,1016,426,640,678,732,521,1908,4028,5219,4948,4672,2997,20775,7152.0,10,5389410.0
886,ID4384,3445,587,523,544,578,604,5648,4708,3772,5911,5339,2836,25378,7911.6,10,5676140.0
887,ID9544,3653,642,513,575,675,634,4879,6465,6688,5156,4773,3039,27961,8631.2,10,6166680.0
888,ID2085,3876,651,653,708,598,476,3718,3582,5594,4455,6698,3086,24047,7895.400000000001,10,5860120.0
889,ID8087,3274,557,587,758,623,768,4605,5670,6884,5041,5381,3293,27581,8809.2,10,6423840.0
890,ID4960,1513,603,669,640,699,715,5421,5434,5558,4093,6751,3326,27257,8777.400000000001,10,6407940.0
891,ID7063,2784,593,672,719,535,672,4944,5866,5007,5561,3946,3191,25324,8255.8,10,6075660.0
892,ID7686,3539,597,691,713,627,690,5891,6251,6344,5473,3752,3318,27711,8860.2,10,6454480.0
893,ID6334,2607,652,598,615,596,558,4886,5917,5406,5891,2833,3019,24933,8005.6,10,5845440.0
894,ID7594,2473,654,700,632,529,675,3051,5339,6018,5150,6572,3190,26130,8416.0,10,6172890.0
895,ID9659,878,748,614,626,680,615,5672,5544,3768,3761,4405,3283,23150,7913.0,10,5946640.0
896,ID6875,1158,495,661,661,624,659,3853,6983,4537,4557,7500,3100,27430,8586.0,10,6148690.0
897,ID3522,1478,560,613,582,536,610,5846,5336,5049,5072,4890,2901,26193,8139.6,10,5839030.0
898,ID9607,2887,596,658,638,708,551,7294,4225,6118,5126,5531,3151,28294,8809.8,10,6335130.0
899,ID6137,3970,672,627,648,600,689,4121,5959,3359,3558,3979,3236,20976,7431.2,10,5670800.0
901,ID9620,2397,559,722,663,576,570,4118,4345,5072,4707,5488,3090,23730,7836.0,10,5810720.0
902,ID4057,1079,632,736,527,630,685,5769,4273,6166,5105,5041,3210,26354,8480.8,10,6211880.0
903,ID8367,3706,752,721,522,620,754,6899,4834,4801,4203,4515,3369,25252,8419.400000000001,10,6270070.0
904,ID1587,3137,623,625,553,673,613,4342,5728,5946,3699,6288,3087,26003,8287.6,10,6020830.0
905,ID2453,2450,633,641,749,732,541,6087,7570,5871,5735,5391,3296,30654,9426.8,10,6701560.0
906,ID6161,2380,566,685,525,599,585,3990,5951,4009,6827,3304,2960,24081,7776.2,10,5667630.0
907,ID4271,1659,596,567,561,684,547,4973,6357,5013,5221,5581,2955,27145,8384.0,10,5970810.0
908,ID2857,3426,716,635,657,562,673,3916,5283,6413,5688,5507,3243,26807,8604.400000000001,10,6307550.0
909,ID1217,3900,593,602,537,713,675,5303,4136,6296,5818,3685,3120,25238,8167.6,10,5992250.0
910,ID9060,3223,639,649,557,569,589,5618,4595,6119,5086,3525,3003,24943,7991.6,10,5847690.0
911,ID4613,3025,668,572,617,653,563,5423,4482,5496,6277,4680,3073,26358,8344.6,10,6058590.0
912,ID7679,2097,551,567,639,563,519,2794,4380,3428,3643,5959,2839,20204,6879.8,10,5164530.0
913,ID8797,2844,495,629,530,632,610,4576,5355,3295,5759,4529,2896,23514,7598.8,10,5529200.0
914,ID2002,1452,726,585,582,687,510,4774,6047,4835,4523,4884,3090,25063,8102.6,10,5926180.0
915,ID7527,1445,623,667,542,677,676,5611,4541,5049,4245,3196,3185,22642,7713.400000000001,10,5794480.0
917,ID4107,3240,665,706,421,653,588,5621,5828,3567,7382,5441,3033,27839,8600.8,10,6119840.0
918,ID1935,2061,620,629,741,645,660,6569,5970,4936,6012,6156,3295,29643,9223.6,10,6613010.0
919,ID4030,1371,655,602,638,593,706,4320,3815,6263,4607,4754,3194,23759,7945.8,10,5951880.0
920,ID4962,692,643,560,647,598,709,3835,6261,6391,5397,5589,3157,27473,8651.6,10,6258150.0
921,ID5642,3766,585,519,646,695,527,5993,4825,5053,4782,5352,2972,26005,8173.0,10,5893280.0
922,ID2631,995,667,732,702,491,586,5387,4930,5792,4891,3980,3178,24980,8174.0,10,6055120.0
923,ID2504,2944,597,680,575,655,456,4917,4730,4616,5612,5540,2963,25415,8046.0,10,5822610.0
924,ID4195,2804,550,617,596,624,728,6415,5619,5510,5186,4766,3115,27496,8614.2,10,6197410.0
925,ID5176,3406,640,539,601,657,531,5002,4990,4471,5831,2653,2968,22947,7557.400000000001,10,5582660.0
926,ID8114,2968,674,649,629,653,628,5776,4823,3321,4185,6272,3233,24377,8108.400000000001,10,6012530.0
927,ID8208,880,629,485,701,583,623,5316,4699,5224,4674,5918,3021,25831,8187.200000000001,10,5951100.0
928,ID3107,2410,699,532,520,736,653,5630,6518,4825,5635,4467,3140,27075,8555.0,10,6166870.0
929,ID7950,1076,659,648,637,560,689,5021,5442,4217,5023,6621,3193,26324,8457.8,10,6174200.0
930,ID1541,3139,604,796,681,766,688,5915,5133,5353,7273,5386,3535,29060,9347.0,10,6814550.0
931,ID7567,3954,586,728,625,645,599,5843,4948,4516,5474,3939,3183,24720,8127.0,10,5994330.0
932,ID4862,2195,614,616,664,628,576,6229,2286,5389,4706,6624,3098,25234,8144.8,10,5994030.0
933,ID6953,2077,565,623,670,509,498,4714,7613,5632,3982,4785,2865,26726,8210.2,10,5843390.0
934,ID4173,2895,613,744,566,635,658,4319,6102,6595,4489,5134,3216,26639,8543.8,10,6232530.0
935,ID1036,2584,567,583,725,564,722,4934,5708,6200,5526,5835,3161,28203,8801.6,10,6338870.0
936,ID8448,564,567,641,623,652,701,3439,5702,3689,5785,5319,3184,23934,7970.8,10,5898320.0
937,ID6737,502,579,680,711,521,648,7483,5181,5137,5348,3406,3139,26555,8450.0,10,6149310.0
938,ID8304,2759,603,526,457,736,625,2969,5313,6078,4479,4907,2947,23746,7696.2,10,5633500.0
939,ID6052,922,530,598,668,592,660,5087,5289,5791,5882,5636,3048,27685,8585.0,10,6153520.0
941,ID5189,1130,586,597,696,583,638,4667,5433,5455,4902,4477,3100,24934,8086.8,10,5938720.0
943,ID5712,2889,553,642,518,691,630,4851,3624,5130,3080,5989,3034,22674,7568.8,10,5631960.0
944,ID6411,2557,659,651,605,605,528,6793,4723,4636,3979,6449,3048,26580,8364.0,10,6045580.0
945,ID1769,764,714,590,623,576,570,4688,2867,4207,6611,5716,3073,24089,7890.8,10,5847550.0
946,ID4014,3864,588,681,698,644,581,3566,6083,5326,4976,5634,3192,25585,8309.0,10,6091430.0
947,ID6020,2667,610,629,591,546,667,5303,6714,6695,3478,4093,3043,26283,8299.6,10,6011360.0
948,ID7045,2917,603,626,645,676,712,4184,6830,5931,5659,6198,3262,28802,9022.400000000001,10,6484360.0
949,ID7863,943,664,589,515,673,542,4217,4133,5994,6062,5099,2983,25505,8084.0,10,5875260.0
950,ID8293,3904,454,685,648,630,688,4173,5704,5035,4214,5044,3105,24170,7939.0,10,5840610.0
951,ID3723,3435,611,616,602,628,658,7069,4543,7071,4011,5274,3115,27968,8708.6,10,6276980.0
952,ID7492,3638,698,783,646,629,661,4836,7045,6464,5437,5599,3417,29381,9293.2,10,6730190.0
953,ID4984,960,601,486,630,549,620,3420,2349,3881,4431,6163,2886,20244,6934.8,10,5251020.0
954,ID4028,3650,563,542,562,653,539,5598,4079,3442,4800,5102,2859,23021,7463.2,10,5459730.0
955,ID3203,1667,573,582,605,663,673,5469,4877,3668,5493,6253,3096,25760,8248.0,10,5990760.0
956,ID9641,2031,591,649,698,570,632,6026,5549,6844,4746,4213,3140,27378,8615.6,10,6241750.0
957,ID7359,3811,413,709,624,649,696,6152,6086,5783,6059,4995,3091,29075,8906.0,10,6312170.0
958,ID1476,831,620,669,583,639,622,3261,4053,5108,5729,4779,3133,22930,7719.0,10,5777100.0
959,ID1256,2267,640,619,568,712,752,6686,3432,2899,3177,6077,3291,22271,7745.2,10,5863070.0
960,ID8378,1759,587,535,692,651,742,3947,7209,4673,4919,6146,3207,26894,8585.8,10,6219940.0
961,ID5867,3264,664,711,449,640,587,3824,4096,5147,5341,5673,3051,24081,7867.2,10,5799560.0
962,ID1968,3453,623,629,541,616,681,3604,5267,5163,4718,5312,3090,24064,7902.8,10,5832110.0
963,ID3859,1181,546,639,589,543,759,5118,6527,5185,4760,4821,3076,26411,8358.2,10,6041030.0
965,ID8092,981,644,647,681,616,667,5763,4320,4584,6550,3602,3255,24819,8218.8,10,6101890.0
966,ID7736,1306,448,694,604,580,670,4937,4146,5252,5001,4393,2996,23729,7741.8,10,5696560.0
968,ID3813,3653,578,672,625,566,664,5483,5707,4513,4935,5648,3105,26286,8362.2,10,6064610.0
969,ID1255,2423,658,720,555,480,648,6363,5182,3813,5077,6567,3061,27002,8461.400000000001,10,6099160.0
970,ID7562,3246,704,673,464,614,558,5053,4780,4623,4405,5332,3013,24193,7851.6,10,5764230.0
971,ID1143,2545,574,546,618,693,699,5815,5258,5299,5662,6105,3130,28139,8757.8,10,6276310.0
972,ID7484,1534,608,598,498,516,608,2713,4485,5468,6097,5244,2828,24007,7629.400000000001,10,5555430.0
973,ID1866,1632,629,630,544,568,583,4308,5038,6071,6210,7010,2954,28637,8681.400000000001,10,6156730.0
975,ID7033,3590,583,538,729,693,597,5154,4543,5019,5327,6341,3140,26384,8416.8,10,6122610.0
976,ID5792,776,556,638,683,565,619,6954,3117,6622,2480,4090,3061,23263,7713.6,10,5761700.0
977,ID5884,3405,585,699,522,666,714,5197,6719,5483,5028,5178,3186,27605,8707.0,10,6270740.0
978,ID9786,863,656,687,579,749,454,3301,4424,3998,4378,6728,3125,22829,7690.8,10,5735790.0
979,ID5003,2524,498,742,645,613,528,5904,5265,6020,5836,5572,3026,28597,8745.400000000001,10,6216600.0
980,ID3435,3159,662,589,516,695,565,5517,7461,5307,4549,4986,3027,27820,8591.0,10,6112660.0
981,ID7750,3205,725,598,682,582,565,5860,4403,3610,6882,2954,3152,23709,7893.8,10,5878570.0
982,ID2897,3336,721,617,569,636,722,5240,5588,5477,4286,5641,3265,26232,8511.400000000001,10,6250540.0
983,ID4119,3858,624,508,631,602,573,4179,5104,3951,4503,6038,2938,23775,7693.0,10,5631520.0
984,ID2978,3495,634,503,655,682,679,4092,5710,4934,5006,4800,3153,24542,8061.400000000001,10,5942690.0
985,ID6549,1141,742,611,677,716,543,4932,6148,4826,5844,5935,3289,27685,8826.0,10,6409630.0
986,ID1210,3322,519,532,664,608,677,4745,7020,5510,5246,5113,3000,27634,8526.8,10,6072600.0
987,ID8207,3539,599,694,683,565,619,6379,4611,4484,4285,6164,3160,25923,8344.6,10,6104580.0
